"supportprojectstatuslogid","previousstatus","currentstatus","startdate","enddate","reason","additionalinfo","supportprojectstatuslog2supportproject","changetype"
109,1,3,"2018-09-08","2018-09-27",NULL,NULL,18,0
14,1,3,"2018-07-04","2018-07-26",NULL,NULL,18,0
55,1,3,"2018-07-26","2018-09-08",NULL,NULL,18,0
137,4,5,"2018-09-27","2019-01-30",NULL,NULL,18,0
256,6,8,"2019-01-30",NULL,NULL,NULL,18,0
56,1,3,"2018-08-06","2018-09-14",NULL,NULL,19,0
124,1,3,"2018-09-14","2018-09-14",NULL,NULL,19,0
126,4,5,"2018-09-14","2018-09-27",NULL,NULL,19,0
136,4,5,"2018-09-27","2019-01-25",NULL,NULL,19,0
125,4,5,"2018-09-14","2018-09-14",NULL,NULL,19,0
251,6,8,"2019-01-25",NULL,NULL,NULL,19,0
15,1,9,"2018-07-05","2018-07-05",3,"This was a demo",21,1
920,7,10,"2020-02-21",NULL,NULL,NULL,21,0
16,9,7,"2018-07-05",NULL,NULL,NULL,21,0
6,1,9,"2018-07-04","2018-07-04",NULL,NULL,22,0
2,1,9,"2018-07-04","2018-07-04",NULL,NULL,22,0
3,1,9,"2018-07-04","2018-07-04",NULL,NULL,22,0
4,1,9,"2018-07-04","2018-07-04",NULL,NULL,22,0
5,1,9,"2018-07-04","2018-07-04",NULL,NULL,22,0
7,1,9,"2018-07-04","2018-07-04",NULL,NULL,22,0
8,1,9,"2018-07-04","2018-07-04",NULL,NULL,22,0
9,1,9,"2018-07-04","2018-07-04",NULL,NULL,22,0
10,1,9,"2018-07-04","2018-07-04",NULL,NULL,22,0
11,1,9,"2018-07-04","2018-07-04",NULL,NULL,22,0
12,1,9,"2018-07-04","2018-07-04",NULL,NULL,22,0
13,1,9,"2018-07-04","2018-07-19",NULL,NULL,22,0
51,1,9,"2018-07-19","2018-07-19",NULL,NULL,22,0
52,1,9,"2018-07-19","2018-07-25",NULL,NULL,22,0
1,1,9,"2018-07-04","2018-07-04",NULL,NULL,22,0
53,1,9,"2018-07-25","2018-07-25",3,"fd",22,1
54,9,7,"2018-07-25",NULL,NULL,NULL,22,0
21,1,3,"2018-07-06","2018-07-06",NULL,NULL,23,0
19,1,3,"2018-07-06","2018-07-06",NULL,NULL,23,0
18,1,3,"2018-07-06","2018-07-06",NULL,NULL,23,0
17,1,3,"2018-07-06","2018-07-06",NULL,NULL,23,0
20,1,3,"2018-07-06","2018-07-06",NULL,NULL,23,0
24,1,3,"2018-07-06","2018-09-04",NULL,NULL,23,0
101,3,4,"2018-09-04","2018-11-05",NULL,NULL,23,0
176,3,4,"2018-11-05","2019-07-02",NULL,NULL,23,0
482,4,6,"2019-07-02",NULL,NULL,NULL,23,0
25,1,3,"2018-07-06","2018-07-06",NULL,NULL,24,0
23,1,3,"2018-07-06","2018-07-06",NULL,NULL,24,0
22,1,3,"2018-07-06","2018-07-06",NULL,NULL,24,0
262,3,4,"2019-02-08",NULL,NULL,NULL,24,0
33,3,4,"2018-07-06","2018-09-04",NULL,NULL,24,0
103,3,4,"2018-09-04","2019-02-08",NULL,NULL,24,0
26,1,3,"2018-07-06","2018-09-04",NULL,NULL,25,0
102,3,4,"2018-09-04","2019-02-13",NULL,NULL,25,0
289,3,4,"2019-02-13",NULL,NULL,NULL,25,0
27,1,3,"2018-07-06","2019-01-11",NULL,NULL,26,0
240,3,4,"2019-01-11","2019-01-11",NULL,NULL,26,0
241,4,5,"2019-01-11",NULL,NULL,NULL,26,0
28,1,3,"2018-07-06","2018-07-06",NULL,NULL,27,0
270,3,4,"2019-02-12","2020-02-20",NULL,NULL,27,0
29,3,4,"2018-07-06","2019-02-12",NULL,NULL,27,0
896,4,6,"2020-02-20",NULL,NULL,NULL,27,0
30,1,3,"2018-07-06","2018-07-06",NULL,NULL,28,0
31,1,3,"2018-07-06","2019-02-13",NULL,NULL,28,0
290,3,4,"2019-02-13",NULL,NULL,NULL,28,0
100,1,3,"2018-09-04","2019-01-15",NULL,NULL,29,0
32,1,3,"2018-07-06","2018-09-04",NULL,NULL,29,0
99,1,3,"2018-09-04","2018-09-04",NULL,NULL,29,0
244,3,4,"2019-01-15","2019-04-04",NULL,NULL,29,0
368,4,6,"2019-04-04",NULL,NULL,NULL,29,0
105,1,3,"2018-09-04","2018-12-10",NULL,NULL,30,0
213,3,4,"2018-12-10","2018-12-10",NULL,NULL,30,0
217,4,5,"2018-12-11","2019-03-05",NULL,NULL,30,0
215,4,5,"2018-12-10","2018-12-10",NULL,NULL,30,0
214,4,5,"2018-12-10","2018-12-10",NULL,NULL,30,0
313,4,6,"2019-03-05","2019-03-05",NULL,NULL,30,0
216,4,5,"2018-12-10","2018-12-11",NULL,NULL,30,0
316,6,8,"2019-03-05",NULL,NULL,NULL,30,0
106,1,3,"2018-09-04","2018-11-05",NULL,NULL,31,0
175,3,4,"2018-11-05","2018-12-11",NULL,NULL,31,0
315,4,6,"2019-03-05","2019-03-05",NULL,NULL,31,0
221,4,5,"2018-12-12","2019-03-05",NULL,NULL,31,0
220,4,5,"2018-12-12","2018-12-12",NULL,NULL,31,0
218,4,5,"2018-12-11","2018-12-12",NULL,NULL,31,0
318,6,8,"2019-03-05",NULL,NULL,NULL,31,0
107,1,3,"2018-09-04","2018-12-12",NULL,NULL,32,0
226,3,9,"2018-12-12","2018-12-12",NULL,NULL,32,0
222,3,9,"2018-12-12","2018-12-12",NULL,NULL,32,0
227,3,9,"2018-12-12","2018-12-12",NULL,NULL,32,0
225,3,9,"2018-12-12","2018-12-12",NULL,NULL,32,0
229,3,9,"2018-12-12","2018-12-12",NULL,NULL,32,0
228,3,9,"2018-12-12","2018-12-12",NULL,NULL,32,0
223,3,9,"2018-12-12","2018-12-12",2,NULL,32,1
233,4,5,"2018-12-12","2019-03-05",NULL,NULL,32,0
230,4,5,"2018-12-12","2018-12-12",NULL,NULL,32,0
231,4,5,"2018-12-12","2018-12-12",NULL,NULL,32,0
232,4,5,"2018-12-12","2018-12-12",NULL,NULL,32,0
314,4,6,"2019-03-05","2019-03-05",NULL,NULL,32,0
319,6,8,"2019-03-05",NULL,NULL,NULL,32,0
224,9,3,"2018-12-12","2018-12-12",NULL,NULL,32,0
108,1,3,"2018-09-04","2019-02-13",NULL,NULL,33,0
291,3,9,"2019-02-13",NULL,3,"This service will be re-opened for June 2019",33,1
104,1,3,"2018-09-04","2018-11-08",NULL,NULL,34,0
179,3,9,"2018-11-08",NULL,3,"A support prep workshop needs to be scheduled and the Audit needs to be re-scheduled with all parties ",34,1
34,0,9,"2018-07-10","2018-07-18",NULL,NULL,35,0
35,0,9,"2018-07-18","2018-07-18",3,"DEMO",35,1
36,9,7,"2018-07-18",NULL,NULL,NULL,35,0
40,1,3,"2018-07-19","2018-07-19",NULL,NULL,36,0
45,1,3,"2018-07-19","2018-07-19",NULL,NULL,36,0
44,1,3,"2018-07-19","2018-07-19",NULL,NULL,36,0
37,1,3,"2018-07-19","2018-07-19",NULL,NULL,36,0
42,1,3,"2018-07-19","2018-07-19",NULL,NULL,36,0
39,1,3,"2018-07-19","2018-07-19",NULL,NULL,36,0
38,1,3,"2018-07-19","2018-07-19",NULL,NULL,36,0
41,1,3,"2018-07-19","2018-07-19",NULL,NULL,36,0
43,1,3,"2018-07-19","2018-07-19",NULL,NULL,36,0
47,4,5,"2018-07-19","2018-07-19",NULL,NULL,36,0
46,4,5,"2018-07-19","2018-07-19",NULL,NULL,36,0
49,4,5,"2018-07-19","2018-07-19",NULL,NULL,36,0
48,4,5,"2018-07-19","2018-07-19",NULL,NULL,36,0
50,6,8,"2018-07-19",NULL,NULL,NULL,36,0
57,1,3,"2018-08-09",NULL,NULL,NULL,38,0
84,1,3,"2018-08-29","2018-08-29",NULL,NULL,39,0
157,1,3,"2018-10-04","2018-10-04",NULL,NULL,39,0
156,1,3,"2018-10-04","2018-10-04",NULL,NULL,39,0
85,1,3,"2018-08-29","2018-10-04",NULL,NULL,39,0
83,1,3,"2018-08-29","2018-08-29",NULL,NULL,39,0
69,1,3,"2018-08-14","2018-08-29",NULL,NULL,39,0
68,1,3,"2018-08-14","2018-08-14",NULL,NULL,39,0
67,1,3,"2018-08-14","2018-08-14",NULL,NULL,39,0
66,1,3,"2018-08-14","2018-08-14",NULL,NULL,39,0
65,1,3,"2018-08-14","2018-08-14",NULL,NULL,39,0
64,1,3,"2018-08-14","2018-08-14",NULL,NULL,39,0
63,1,3,"2018-08-14","2018-08-14",NULL,NULL,39,0
62,1,3,"2018-08-14","2018-08-14",NULL,NULL,39,0
61,1,3,"2018-08-14","2018-08-14",NULL,NULL,39,0
60,1,3,"2018-08-13","2018-08-14",NULL,NULL,39,0
59,1,3,"2018-08-13","2018-08-13",NULL,NULL,39,0
58,1,3,"2018-08-13","2018-08-13",NULL,NULL,39,0
158,4,5,"2018-10-04",NULL,NULL,NULL,39,0
70,1,3,"2018-08-16","2018-08-16",NULL,NULL,40,0
71,1,3,"2018-08-16","2018-08-16",NULL,NULL,40,0
173,1,3,"2018-10-30",NULL,NULL,NULL,40,0
72,1,3,"2018-08-16","2018-10-30",NULL,NULL,40,0
1199,4,5,"2020-05-27","2020-05-27",NULL,NULL,40,0
1200,5,6,"2020-05-27",NULL,NULL,NULL,40,0
78,1,3,"2018-08-27","2018-08-27",NULL,NULL,41,0
73,1,3,"2018-08-27","2018-08-27",NULL,NULL,41,0
81,1,3,"2018-08-27","2018-08-27",NULL,NULL,41,0
82,1,3,"2018-08-27","2019-02-27",NULL,NULL,41,0
74,1,3,"2018-08-27","2018-08-27",NULL,NULL,41,0
75,1,3,"2018-08-27","2018-08-27",NULL,NULL,41,0
77,1,3,"2018-08-27","2018-08-27",NULL,NULL,41,0
79,1,3,"2018-08-27","2018-08-27",NULL,NULL,41,0
80,1,3,"2018-08-27","2018-08-27",NULL,NULL,41,0
76,1,3,"2018-08-27","2018-08-27",NULL,NULL,41,0
302,3,4,"2019-02-27",NULL,NULL,NULL,41,0
86,0,1,"2018-08-29","2018-08-29",NULL,NULL,42,0
292,1,9,"2019-02-17","2019-02-17",3,"It was a test.",42,1
87,1,9,"2018-08-29","2018-08-29",NULL,NULL,42,0
88,1,9,"2018-08-29","2019-02-17",NULL,NULL,42,0
293,9,7,"2019-02-17",NULL,NULL,NULL,42,0
90,1,9,"2018-09-01","2018-09-01",NULL,NULL,43,0
94,1,9,"2018-09-01","2018-09-01",NULL,NULL,43,0
273,1,9,"2019-02-13","2019-02-13",3,"This service was added to reflect service delivered in the past. ",43,1
95,1,9,"2018-09-01","2018-09-01",NULL,NULL,43,0
96,1,9,"2018-09-01","2018-09-01",NULL,NULL,43,0
92,1,9,"2018-09-01","2018-09-01",NULL,NULL,43,0
97,1,9,"2018-09-01","2019-02-13",NULL,NULL,43,0
93,1,9,"2018-09-01","2018-09-01",NULL,NULL,43,0
91,1,9,"2018-09-01","2018-09-01",NULL,NULL,43,0
274,9,7,"2019-02-13",NULL,NULL,NULL,43,0
89,1,3,"2018-08-31","2019-03-06",NULL,NULL,44,0
322,3,4,"2019-03-06",NULL,NULL,NULL,44,0
1083,4,5,"2020-04-14","2020-04-14",NULL,NULL,44,0
1084,5,6,"2020-04-14",NULL,NULL,NULL,44,0
98,1,3,"2018-09-03","2018-09-29",NULL,NULL,45,0
145,4,5,"2018-09-29","2018-09-29",NULL,NULL,45,0
146,6,8,"2018-09-29",NULL,NULL,NULL,45,0
110,1,9,"2018-09-08","2018-09-08",2,"Duplicate entries",46,1
111,9,7,"2018-09-08",NULL,NULL,NULL,46,0
123,1,3,"2018-09-14","2018-10-09",NULL,NULL,47,0
114,1,3,"2018-09-08","2018-09-14",NULL,NULL,47,0
113,1,3,"2018-09-08","2018-09-08",NULL,NULL,47,0
160,1,3,"2018-10-09","2019-05-10",NULL,NULL,47,0
112,1,3,"2018-09-08","2018-09-08",NULL,NULL,47,0
413,4,6,"2019-05-10","2019-08-05",NULL,NULL,47,0
512,6,8,"2019-08-05",NULL,NULL,NULL,47,0
115,1,3,"2018-09-08","2018-09-11",NULL,NULL,48,0
121,1,3,"2018-09-11","2019-01-16",NULL,NULL,48,0
245,4,5,"2019-01-16","2019-01-30",NULL,NULL,48,0
255,6,8,"2019-01-30",NULL,NULL,NULL,48,0
116,1,3,"2018-09-10","2019-02-27",NULL,NULL,49,0
301,3,4,"2019-02-27",NULL,NULL,NULL,49,0
170,1,3,"2018-10-29","2018-10-29",NULL,NULL,50,0
171,1,3,"2018-10-29","2018-10-30",NULL,NULL,50,0
172,1,3,"2018-10-30","2018-11-27",NULL,NULL,50,0
168,1,3,"2018-10-29","2018-10-29",NULL,NULL,50,0
120,1,3,"2018-09-11","2018-09-11",NULL,NULL,50,0
118,1,3,"2018-09-11","2018-09-11",NULL,NULL,50,0
117,1,3,"2018-09-11","2018-09-11",NULL,NULL,50,0
169,1,3,"2018-10-29","2018-10-29",NULL,NULL,50,0
122,1,3,"2018-09-11","2018-10-29",NULL,NULL,50,0
119,1,3,"2018-09-11","2018-09-11",NULL,NULL,50,0
194,5,6,"2018-11-27","2018-11-27",NULL,NULL,50,0
197,5,6,"2018-11-27","2018-12-09",NULL,NULL,50,0
212,5,6,"2018-12-09",NULL,NULL,NULL,50,0
196,5,6,"2018-11-27","2018-11-27",NULL,NULL,50,0
195,5,6,"2018-11-27","2018-11-27",NULL,NULL,50,0
250,1,3,"2019-01-22","2019-10-11",NULL,NULL,51,0
611,4,6,"2019-10-11",NULL,NULL,NULL,51,0
219,1,3,"2018-12-11","2019-04-11",NULL,NULL,52,0
379,5,6,"2019-04-11","2019-09-25",NULL,NULL,52,0
565,6,8,"2019-09-25",NULL,NULL,NULL,52,0
252,1,3,"2019-01-29","2019-10-10",NULL,NULL,53,0
608,5,6,"2019-10-10",NULL,NULL,NULL,53,0
272,1,9,"2019-02-13","2019-04-01",1,"The person responsible for Communications and the one raised the request trough the office have left the NSO. We are following up with Scout Association of Panama if the request is still standing after the new recruitment. ",54,1
365,9,7,"2019-04-01",NULL,NULL,NULL,54,0
400,0,1,"2019-05-07","2019-10-11",NULL,NULL,55,0
618,1,4,"2019-10-11",NULL,NULL,NULL,55,0
127,0,1,"2018-09-20","2018-09-20",NULL,NULL,56,0
132,1,3,"2018-09-22","2018-09-26",NULL,NULL,56,0
128,1,3,"2018-09-20","2018-09-20",NULL,NULL,56,0
129,1,3,"2018-09-20","2018-09-22",NULL,NULL,56,0
133,1,3,"2018-09-26","2018-09-26",NULL,NULL,56,0
130,1,3,"2018-09-22","2018-09-22",NULL,NULL,56,0
134,1,3,"2018-09-26","2018-09-26",NULL,NULL,56,0
131,1,3,"2018-09-22","2018-09-22",NULL,NULL,56,0
135,4,5,"2018-09-26",NULL,NULL,NULL,56,0
335,1,4,"2019-03-13","2019-11-12",NULL,NULL,57,0
649,5,6,"2019-11-12",NULL,NULL,NULL,57,0
401,0,1,"2019-05-07","2019-10-11",NULL,NULL,58,0
617,1,4,"2019-10-11",NULL,NULL,NULL,58,0
1132,4,5,"2020-05-12",NULL,NULL,NULL,58,0
1133,5,5,"2020-05-12",NULL,NULL,NULL,58,0
162,0,9,"2018-10-22","2018-10-22",3,"TEST",59,1
159,0,9,"2018-10-08","2018-10-22",NULL,NULL,59,0
921,7,10,"2020-02-21",NULL,NULL,NULL,59,0
163,9,7,"2018-10-22",NULL,NULL,NULL,59,0
140,1,3,"2018-09-29","2018-09-29",NULL,NULL,61,0
139,1,3,"2018-09-29","2018-09-29",NULL,NULL,61,0
138,1,3,"2018-09-29","2018-09-29",NULL,NULL,61,0
143,4,5,"2018-09-29","2018-09-29",NULL,NULL,61,0
142,4,5,"2018-09-29","2018-09-29",NULL,NULL,61,0
141,4,5,"2018-09-29","2018-09-29",NULL,NULL,61,0
144,6,8,"2018-09-29",NULL,NULL,NULL,61,0
148,1,3,"2018-10-01","2018-10-01",NULL,NULL,62,0
151,1,3,"2018-10-01","2018-10-01",NULL,NULL,62,0
149,1,3,"2018-10-01","2018-10-01",NULL,NULL,62,0
150,1,3,"2018-10-01","2018-10-01",NULL,NULL,62,0
152,1,3,"2018-10-01","2018-10-24",NULL,NULL,62,0
147,1,3,"2018-10-01","2018-10-01",NULL,NULL,62,0
211,4,5,"2018-12-04","2019-03-05",NULL,NULL,62,0
164,4,5,"2018-10-24","2018-12-04",NULL,NULL,62,0
320,4,6,"2019-03-05","2019-03-05",NULL,NULL,62,0
321,6,8,"2019-03-05",NULL,NULL,NULL,62,0
154,1,3,"2018-10-04","2018-10-04",NULL,NULL,63,0
155,1,3,"2018-10-04","2018-11-15",NULL,NULL,63,0
153,1,3,"2018-10-04","2018-10-04",NULL,NULL,63,0
188,3,4,"2018-11-15","2020-06-15",NULL,NULL,63,0
1243,4,3,"2020-06-15",NULL,NULL,NULL,63,0
297,1,3,"2019-02-25","2020-02-18",NULL,NULL,64,0
235,1,9,"2018-12-13","2018-12-13",3,"Testing",64,1
861,4,6,"2020-02-18",NULL,NULL,NULL,64,0
236,9,1,"2018-12-13","2019-02-25",NULL,NULL,64,0
161,1,3,"2018-10-10","2020-04-14",NULL,NULL,65,0
1085,4,6,"2020-04-14",NULL,NULL,NULL,65,0
354,1,3,"2019-03-30","2020-03-30",NULL,NULL,66,0
1037,4,6,"2020-03-30",NULL,NULL,NULL,66,0
269,1,3,"2019-02-12","2019-10-02",NULL,NULL,67,0
587,5,6,"2019-10-02",NULL,NULL,NULL,67,0
167,1,3,"2018-10-29","2018-12-12",NULL,NULL,68,0
234,3,4,"2018-12-12","2019-11-18",NULL,NULL,68,0
662,3,4,"2019-11-18","2019-11-21",NULL,NULL,68,0
666,4,6,"2019-11-21",NULL,NULL,NULL,68,0
661,4,3,"2019-11-18","2019-11-18",NULL,NULL,68,0
166,1,3,"2018-10-24","2018-11-25",NULL,NULL,69,0
193,1,3,"2018-11-25","2018-11-29",NULL,NULL,69,0
165,1,3,"2018-10-24","2018-10-24",NULL,NULL,69,0
206,3,4,"2018-11-29","2019-01-11",NULL,NULL,69,0
242,4,5,"2019-01-11","2019-05-10",NULL,NULL,69,0
414,4,6,"2019-05-10","2019-08-05",NULL,NULL,69,0
511,6,8,"2019-08-05",NULL,NULL,NULL,69,0
181,1,3,"2018-11-15","2018-11-15",NULL,NULL,70,0
182,4,5,"2018-11-15",NULL,NULL,NULL,70,0
174,1,3,"2018-11-01","2019-02-28",NULL,NULL,71,0
311,1,4,"2019-02-28",NULL,NULL,NULL,71,0
202,1,3,"2018-11-28","2018-12-03",NULL,NULL,72,0
177,1,3,"2018-11-07","2018-11-14",NULL,NULL,72,0
180,1,3,"2018-11-14","2018-11-28",NULL,NULL,72,0
210,1,3,"2018-12-03",NULL,NULL,NULL,72,0
772,4,5,"2020-01-22",NULL,NULL,NULL,72,0
989,5,6,"2020-03-02",NULL,NULL,NULL,72,0
988,5,5,"2020-03-02","2020-03-02",NULL,NULL,72,0
178,1,3,"2018-11-07","2018-11-15",NULL,NULL,73,0
239,1,3,"2019-01-09",NULL,NULL,NULL,73,0
191,1,3,"2018-11-15","2019-01-09",NULL,NULL,73,0
190,1,3,"2018-11-15","2018-11-15",NULL,NULL,73,0
189,1,3,"2018-11-15","2018-11-15",NULL,NULL,73,0
843,4,5,"2020-02-14",NULL,NULL,NULL,73,0
969,5,5,"2020-03-02",NULL,NULL,NULL,73,0
972,5,5,"2020-03-02","2020-03-02",NULL,NULL,73,0
973,5,6,"2020-03-02",NULL,NULL,NULL,73,0
192,1,3,"2018-11-19","2018-12-14",NULL,NULL,74,0
237,4,5,"2018-12-14","2019-01-30",NULL,NULL,74,0
253,6,8,"2019-01-30",NULL,NULL,NULL,74,0
310,1,4,"2019-02-28",NULL,NULL,NULL,75,0
183,1,3,"2018-11-15","2018-11-15",NULL,NULL,76,0
185,4,5,"2018-11-15","2018-11-28",NULL,NULL,76,0
184,4,5,"2018-11-15","2018-11-15",NULL,NULL,76,0
200,4,5,"2018-11-28","2018-11-28",NULL,NULL,76,0
201,4,5,"2018-11-28",NULL,NULL,NULL,76,0
186,1,3,"2018-11-15","2018-11-15",NULL,NULL,77,0
187,4,5,"2018-11-15",NULL,NULL,NULL,77,0
198,1,3,"2018-11-28","2018-11-28",NULL,NULL,78,0
199,4,5,"2018-11-28",NULL,NULL,NULL,78,0
209,1,3,"2018-12-03",NULL,NULL,NULL,79,0
1167,4,5,"2020-05-25","2020-05-25",NULL,NULL,79,0
1168,5,6,"2020-05-25",NULL,NULL,NULL,79,0
238,1,3,"2018-12-16",NULL,NULL,NULL,80,0
1193,4,5,"2020-05-27","2020-05-27",NULL,NULL,80,0
1194,5,6,"2020-05-27",NULL,NULL,NULL,80,0
1195,6,5,"2020-05-27",NULL,NULL,NULL,80,0
1196,6,5,"2020-05-27",NULL,NULL,NULL,80,0
306,1,4,"2019-02-28",NULL,NULL,NULL,81,0
524,1,3,"2019-08-30",NULL,NULL,NULL,84,0
203,1,3,"2018-11-28","2018-11-28",NULL,NULL,85,0
207,4,5,"2018-11-30",NULL,NULL,NULL,85,0
205,4,5,"2018-11-28","2018-11-30",NULL,NULL,85,0
204,4,5,"2018-11-28","2018-11-28",NULL,NULL,85,0
307,1,4,"2019-02-28",NULL,NULL,NULL,86,0
208,1,3,"2018-12-03",NULL,NULL,NULL,87,0
346,1,9,"2019-03-27","2019-03-27",3,"The timing for this Service request passed. It was agreed with the NSO to cancel it.",88,1
347,9,7,"2019-03-27",NULL,NULL,NULL,88,0
257,1,3,"2019-02-04","2020-07-31",NULL,NULL,89,0
1367,3,9,"2020-07-31","2020-07-31",1,NULL,89,1
1366,4,3,"2020-07-31","2020-07-31",NULL,NULL,89,0
1369,7,10,"2020-07-31",NULL,NULL,NULL,89,0
1368,9,7,"2020-07-31",NULL,NULL,NULL,89,0
309,1,3,"2019-02-28",NULL,NULL,NULL,90,0
246,1,3,"2019-01-17","2019-09-20",NULL,NULL,91,0
550,4,6,"2019-09-20",NULL,NULL,NULL,91,0
243,1,3,"2019-01-11","2019-04-04",NULL,NULL,92,0
366,5,6,"2019-04-04","2019-04-04",NULL,NULL,92,0
367,6,8,"2019-04-04",NULL,NULL,NULL,92,0
391,0,1,"2019-04-30","2019-04-30",NULL,NULL,93,0
392,1,3,"2019-04-30",NULL,NULL,NULL,93,0
957,4,5,"2020-03-02","2020-03-02",NULL,NULL,93,0
974,5,6,"2020-03-02",NULL,NULL,NULL,93,0
258,0,1,"2019-02-05","2019-02-07",NULL,NULL,94,0
261,1,3,"2019-02-07",NULL,NULL,NULL,94,0
850,4,5,"2020-02-17",NULL,NULL,NULL,94,0
849,4,5,"2020-02-17",NULL,NULL,NULL,94,0
943,5,5,"2020-02-26","2020-02-26",NULL,NULL,94,0
851,5,5,"2020-02-17",NULL,NULL,NULL,94,0
944,5,6,"2020-02-26",NULL,NULL,NULL,94,0
249,1,3,"2019-01-22","2019-10-25",NULL,NULL,96,0
631,5,6,"2019-10-25",NULL,NULL,NULL,96,0
247,1,9,"2019-01-22","2019-01-22",2,"Duplicated service.",97,1
248,9,7,"2019-01-22",NULL,NULL,NULL,97,0
525,1,3,"2019-08-30",NULL,NULL,NULL,98,0
271,1,3,"2019-02-12","2019-10-25",NULL,NULL,99,0
629,3,4,"2019-10-25","2019-10-25",NULL,NULL,99,0
630,4,6,"2019-10-25",NULL,NULL,NULL,99,0
364,1,3,"2019-04-01","2019-05-20",NULL,NULL,100,0
425,3,4,"2019-05-20","2019-10-09",NULL,NULL,100,0
600,4,6,"2019-10-09",NULL,NULL,NULL,100,0
294,1,9,"2019-02-20","2019-02-20",3,"This is not a service",101,1
295,9,7,"2019-02-20",NULL,NULL,NULL,101,0
388,1,3,"2019-04-30","2020-02-27",NULL,NULL,102,0
950,4,3,"2020-02-27",NULL,NULL,NULL,102,0
259,1,3,"2019-02-05",NULL,NULL,NULL,103,0
852,4,5,"2020-02-17",NULL,NULL,NULL,103,0
853,4,5,"2020-02-17","2020-03-02",NULL,NULL,103,0
975,5,6,"2020-03-02",NULL,NULL,NULL,103,0
260,1,3,"2019-02-06",NULL,NULL,NULL,104,0
1218,4,5,"2020-06-09",NULL,NULL,NULL,104,0
1228,5,5,"2020-06-11",NULL,NULL,NULL,104,0
1222,5,5,"2020-06-09",NULL,NULL,NULL,104,0
1221,5,5,"2020-06-09",NULL,NULL,NULL,104,0
1229,5,5,"2020-06-11","2020-07-07",NULL,NULL,104,0
1278,5,6,"2020-07-07",NULL,NULL,NULL,104,0
265,0,1,"2019-02-11","2019-02-11",NULL,NULL,105,0
268,1,3,"2019-02-11",NULL,NULL,NULL,105,0
266,1,9,"2019-02-11","2019-02-11",3,"DUPLICATION",106,1
267,9,7,"2019-02-11",NULL,NULL,NULL,106,0
263,0,9,"2019-02-11","2019-02-11",3,"TEST",107,1
922,7,10,"2020-02-21",NULL,NULL,NULL,107,0
264,9,7,"2019-02-11",NULL,NULL,NULL,107,0
360,1,3,"2019-03-30",NULL,NULL,NULL,108,0
336,1,3,"2019-03-14","2019-08-07",NULL,NULL,109,0
1185,3,9,"2020-05-26",NULL,1,NULL,109,1
1184,4,3,"2020-05-26","2020-05-26",NULL,NULL,109,0
515,4,3,"2019-08-07","2020-05-26",NULL,NULL,109,0
337,1,9,"2019-03-14","2019-05-03",2,NULL,110,1
398,1,4,"2019-05-03",NULL,NULL,NULL,110,0
1190,5,5,"2020-05-26",NULL,NULL,NULL,110,0
397,9,1,"2019-05-03","2019-05-03",NULL,NULL,110,0
942,1,9,"2020-02-26",NULL,3,"Service to be broken down on 4 requests as suggested in the request description.",111,1
324,1,3,"2019-03-08","2020-03-24",NULL,NULL,112,0
1033,4,6,"2020-03-24",NULL,NULL,NULL,112,0
355,1,3,"2019-03-30","2019-10-07",NULL,NULL,113,0
594,3,4,"2019-10-07","2020-04-20",NULL,NULL,113,0
1103,4,6,"2020-04-20",NULL,NULL,NULL,113,0
298,1,3,"2019-02-25","2019-07-10",NULL,NULL,114,0
1067,4,3,"2020-04-07",NULL,NULL,NULL,114,0
593,4,3,"2019-10-03","2020-02-07",NULL,NULL,114,0
495,4,3,"2019-07-10","2019-10-03",NULL,NULL,114,0
820,4,3,"2020-02-07","2020-04-07",NULL,NULL,114,0
304,1,4,"2019-02-27","2019-05-25",NULL,NULL,115,0
442,5,6,"2019-05-25","2019-05-27",NULL,NULL,115,0
446,6,8,"2019-05-27",NULL,NULL,NULL,115,0
296,1,3,"2019-02-21","2019-10-03",NULL,NULL,116,0
592,4,3,"2019-10-03","2020-02-07",NULL,NULL,116,0
823,4,3,"2020-02-07",NULL,NULL,NULL,116,0
308,1,4,"2019-02-28",NULL,NULL,NULL,117,0
1180,4,5,"2020-05-26","2020-05-26",NULL,NULL,117,0
1186,5,6,"2020-05-26","2020-07-30",NULL,NULL,117,0
1355,6,8,"2020-07-30",NULL,NULL,NULL,117,0
1178,1,3,"2020-05-26",NULL,NULL,NULL,118,0
411,1,9,"2019-05-10",NULL,1,NULL,119,1
299,0,1,"2019-02-26","2019-08-30",NULL,NULL,120,0
523,1,3,"2019-08-30",NULL,NULL,NULL,120,0
323,1,3,"2019-03-07","2019-07-10",NULL,NULL,121,0
494,3,4,"2019-07-10","2019-09-06",NULL,NULL,121,0
530,4,6,"2019-09-06","2019-09-25",NULL,NULL,121,0
493,4,3,"2019-07-10","2019-07-10",NULL,NULL,121,0
564,6,8,"2019-09-25",NULL,NULL,NULL,121,0
303,1,3,"2019-02-27",NULL,NULL,NULL,122,0
1117,5,5,"2020-05-02",NULL,NULL,NULL,122,0
333,1,3,"2019-03-11","2019-10-11",NULL,NULL,123,0
872,3,9,"2020-02-18",NULL,1,NULL,123,1
612,4,3,"2019-10-11","2020-02-18",NULL,NULL,123,0
865,4,3,"2020-02-18","2020-02-18",NULL,NULL,123,0
348,1,3,"2019-03-27","2019-11-20",NULL,NULL,124,0
888,3,9,"2020-02-19","2020-05-28",3,"La asociación va a lanzar la convocatoria para contratar al responsable técnico del proceso de actualización del Proyecto Educativo. Se espera que inicie actividades en el mes de abril.",124,1
665,4,3,"2019-11-20","2020-02-19",NULL,NULL,124,0
1203,9,3,"2020-05-28",NULL,NULL,NULL,124,0
325,1,3,"2019-03-08","2019-03-08",NULL,NULL,125,0
326,3,4,"2019-03-08","2019-03-08",NULL,NULL,125,0
327,4,6,"2019-03-08","2019-05-10",NULL,NULL,125,0
409,6,8,"2019-05-10",NULL,NULL,NULL,125,0
328,1,3,"2019-03-08","2019-05-10",NULL,NULL,126,0
410,4,6,"2019-05-10","2019-09-26",NULL,NULL,126,0
571,6,8,"2019-09-26",NULL,NULL,NULL,126,0
407,1,3,"2019-05-09","2019-08-07",NULL,NULL,127,0
514,4,3,"2019-08-07",NULL,NULL,NULL,127,0
305,1,3,"2019-02-27",NULL,NULL,NULL,128,0
526,1,3,"2019-08-30",NULL,NULL,NULL,129,0
300,1,3,"2019-02-27","2020-07-16",NULL,NULL,130,0
1321,4,3,"2020-07-16",NULL,NULL,NULL,130,0
338,1,3,"2019-03-14",NULL,NULL,NULL,131,0
1056,4,5,"2020-04-03","2020-04-14",NULL,NULL,131,0
1088,5,6,"2020-04-14",NULL,NULL,NULL,131,0
369,1,3,"2019-04-04","2019-09-25",NULL,NULL,132,0
1254,3,4,"2020-06-30","2020-06-30",NULL,NULL,132,0
824,4,3,"2020-02-07","2020-06-30",NULL,NULL,132,0
1255,4,3,"2020-06-30",NULL,NULL,NULL,132,0
567,4,3,"2019-09-25","2020-02-07",NULL,NULL,132,0
349,1,3,"2019-03-27","2020-01-30",NULL,NULL,133,0
1245,4,3,"2020-06-17",NULL,NULL,NULL,133,0
797,4,3,"2020-01-30","2020-06-17",NULL,NULL,133,0
343,1,9,"2019-03-25","2019-03-27",3,"Corresponde al área de participación juvenil",134,1
350,9,7,"2019-03-27",NULL,NULL,NULL,134,0
332,1,3,"2019-03-11","2019-06-30",NULL,NULL,135,0
481,3,4,"2019-06-30","2019-09-25",NULL,NULL,135,0
566,4,6,"2019-09-25",NULL,NULL,NULL,135,0
342,1,3,"2019-03-20","2019-07-10",NULL,NULL,136,0
492,4,3,"2019-07-10","2019-10-03",NULL,NULL,136,0
591,4,3,"2019-10-03",NULL,NULL,NULL,136,0
312,1,3,"2019-03-01",NULL,NULL,NULL,137,0
331,1,3,"2019-03-11","2019-10-10",NULL,NULL,138,0
607,4,3,"2019-10-10",NULL,NULL,NULL,138,0
329,1,3,"2019-03-11",NULL,NULL,NULL,139,0
330,1,9,"2019-03-11","2019-03-17",2,"El solicitante duplicó la solicitud por error involuntario material",140,1
339,9,7,"2019-03-17",NULL,NULL,NULL,140,0
334,1,3,"2019-03-11","2019-08-09",NULL,NULL,141,0
518,4,3,"2019-08-09",NULL,NULL,NULL,141,0
356,1,3,"2019-03-30","2019-09-26",NULL,NULL,142,0
572,3,4,"2019-09-26","2019-10-02",NULL,NULL,142,0
586,5,6,"2019-10-02",NULL,NULL,NULL,142,0
380,1,3,"2019-04-12","2019-06-07",NULL,NULL,143,0
903,3,9,"2020-02-20","2020-05-29",1,"Debido a los recientes cambios en la dirección ejecutiva se requiere poner en pausa el servicio. Se espera a que la OSN notifique cuando esté en posibilidad de continuar con el servicio.",143,1
463,3,9,"2019-06-07","2019-09-17",1,"El servicio a la Asociación de Scouts del Paraguay fue suspendido temporalmente debido a problemas internos en los órganos de gobierno y administración de la Asociación, por lo que se considera que no existen las condiciones necesarias para dar seguimiento a las acciones establecidas.",143,1
902,4,3,"2020-02-20","2020-02-20",NULL,NULL,143,0
544,9,3,"2019-09-17","2020-02-20",NULL,NULL,143,0
1205,9,7,"2020-05-29",NULL,NULL,NULL,143,0
384,1,3,"2019-04-25","2019-08-09",NULL,NULL,144,0
517,4,3,"2019-08-09",NULL,NULL,NULL,144,0
844,5,5,"2020-02-14","2020-02-19",NULL,NULL,144,0
889,5,6,"2020-02-19",NULL,NULL,NULL,144,0
341,1,3,"2019-03-19",NULL,NULL,NULL,145,0
1134,4,5,"2020-05-12",NULL,NULL,NULL,145,0
1135,4,5,"2020-05-12",NULL,NULL,NULL,145,0
357,0,1,"2019-03-30","2019-03-30",NULL,NULL,146,0
358,1,3,"2019-03-30","2020-03-31",NULL,NULL,146,0
1040,4,6,"2020-03-31",NULL,NULL,NULL,146,0
421,1,3,"2019-05-14","2019-09-02",NULL,NULL,147,0
527,5,6,"2019-09-02","2019-09-25",NULL,NULL,147,0
563,6,8,"2019-09-25",NULL,NULL,NULL,147,0
344,1,3,"2019-03-25","2019-10-25",NULL,NULL,148,0
628,5,6,"2019-10-25",NULL,NULL,NULL,148,0
345,1,3,"2019-03-27","2019-07-22",NULL,NULL,149,0
584,3,4,"2019-10-01",NULL,NULL,NULL,149,0
504,4,3,"2019-07-22","2019-10-01",NULL,NULL,149,0
1165,5,6,"2020-05-22",NULL,NULL,NULL,149,0
1153,5,5,"2020-05-19","2020-05-22",NULL,NULL,149,0
390,1,3,"2019-04-30",NULL,NULL,NULL,150,0
949,4,5,"2020-02-27","2020-03-02",NULL,NULL,150,0
976,5,6,"2020-03-02",NULL,NULL,NULL,150,0
373,1,3,"2019-04-07",NULL,NULL,NULL,151,0
951,4,5,"2020-02-28",NULL,NULL,NULL,151,0
971,5,6,"2020-03-02",NULL,NULL,NULL,151,0
970,5,5,"2020-03-02","2020-03-02",NULL,NULL,151,0
374,1,3,"2019-04-07",NULL,NULL,NULL,152,0
952,4,5,"2020-02-28","2020-03-02",NULL,NULL,152,0
984,5,6,"2020-03-02",NULL,NULL,NULL,152,0
389,1,3,"2019-04-30",NULL,NULL,NULL,153,0
962,4,5,"2020-03-02",NULL,NULL,NULL,153,0
992,5,6,"2020-03-03",NULL,NULL,NULL,153,0
991,5,5,"2020-03-03","2020-03-03",NULL,NULL,153,0
351,0,1,"2019-03-28","2019-03-28",NULL,NULL,154,0
352,1,3,"2019-03-28","2019-11-05",NULL,NULL,154,0
644,5,6,"2019-11-05",NULL,NULL,NULL,154,0
353,1,3,"2019-03-28","2020-04-06",NULL,NULL,155,0
1058,3,9,"2020-04-06","2020-09-03",1,"Due COVID-19 the General Assembly was posponed and it is needed to renew the National Board to get their support for the Action Plan. ",155,1
1479,9,3,"2020-09-03",NULL,NULL,NULL,155,0
359,1,3,"2019-03-30","2019-11-14",NULL,NULL,156,0
655,3,9,"2019-11-14","2019-11-14",2,NULL,156,1
656,9,7,"2019-11-14",NULL,NULL,NULL,156,0
893,0,9,"2020-02-20","2020-02-20",1,NULL,157,1
895,7,10,"2020-02-20",NULL,NULL,NULL,157,0
894,9,7,"2020-02-20",NULL,NULL,NULL,157,0
361,1,3,"2019-03-30","2019-09-26",NULL,NULL,158,0
573,3,4,"2019-09-26","2019-10-02",NULL,NULL,158,0
585,4,6,"2019-10-02",NULL,NULL,NULL,158,0
362,1,3,"2019-03-30","2020-02-20",NULL,NULL,159,0
900,3,9,"2020-02-20","2020-02-20",2,NULL,159,1
899,4,3,"2020-02-20","2020-02-20",NULL,NULL,159,0
901,9,7,"2020-02-20",NULL,NULL,NULL,159,0
363,1,3,"2019-03-30","2020-04-01",NULL,NULL,160,0
1050,3,9,"2020-04-01",NULL,1,NULL,160,1
1049,4,3,"2020-04-01","2020-04-01",NULL,NULL,160,0
382,1,3,"2019-04-16","2019-05-24",NULL,NULL,161,0
438,3,9,"2019-05-24","2020-07-13",3,"Lack of response/communication with NSO to support the service request",161,1
1296,9,7,"2020-07-13",NULL,NULL,NULL,161,0
439,1,3,"2019-05-24",NULL,NULL,NULL,162,0
934,4,5,"2020-02-24","2020-02-24",NULL,NULL,162,0
931,4,5,"2020-02-24",NULL,NULL,NULL,162,0
932,4,5,"2020-02-24",NULL,NULL,NULL,162,0
933,4,5,"2020-02-24",NULL,NULL,NULL,162,0
935,5,6,"2020-02-24",NULL,NULL,NULL,162,0
418,1,3,"2019-05-13","2019-10-11",NULL,NULL,163,0
873,3,9,"2020-02-18",NULL,1,NULL,163,1
613,4,3,"2019-10-11","2020-02-18",NULL,NULL,163,0
864,4,3,"2020-02-18","2020-02-18",NULL,NULL,163,0
370,1,4,"2019-04-06",NULL,NULL,NULL,164,0
376,1,4,"2019-04-10",NULL,NULL,NULL,165,0
1105,4,5,"2020-04-21","2020-04-21",NULL,NULL,165,0
1106,5,6,"2020-04-21",NULL,NULL,NULL,165,0
371,1,3,"2019-04-06",NULL,NULL,NULL,166,0
386,1,3,"2019-04-26",NULL,NULL,NULL,167,0
387,1,3,"2019-04-26",NULL,NULL,NULL,168,0
372,1,4,"2019-04-06",NULL,NULL,NULL,169,0
375,1,3,"2019-04-09","2020-04-20",NULL,NULL,170,0
1102,4,6,"2020-04-20",NULL,NULL,NULL,170,0
444,1,3,"2019-05-26","2019-08-09",NULL,NULL,171,0
516,3,4,"2019-08-09","2019-09-12",NULL,NULL,171,0
539,4,6,"2019-09-12","2019-09-25",NULL,NULL,171,0
562,6,8,"2019-09-25",NULL,NULL,NULL,171,0
381,1,3,"2019-04-15","2019-08-15",NULL,NULL,172,0
519,4,3,"2019-08-15","2020-02-18",NULL,NULL,172,0
1246,4,3,"2020-06-19",NULL,NULL,NULL,172,0
884,4,3,"2020-02-18","2020-06-19",NULL,NULL,172,0
412,1,9,"2019-05-10","2020-04-14",1,NULL,173,1
1087,9,7,"2020-04-14",NULL,NULL,NULL,173,0
377,1,4,"2019-04-11",NULL,NULL,NULL,174,0
1197,4,5,"2020-05-27","2020-05-27",NULL,NULL,174,0
1198,5,6,"2020-05-27",NULL,NULL,NULL,174,0
378,1,3,"2019-04-11",NULL,NULL,NULL,175,0
1170,4,5,"2020-05-25","2020-05-25",NULL,NULL,175,0
1171,5,6,"2020-05-25",NULL,NULL,NULL,175,0
461,1,3,"2019-06-04","2019-07-29",NULL,NULL,176,0
624,3,4,"2019-10-21",NULL,NULL,NULL,176,0
505,4,3,"2019-07-29","2019-10-21",NULL,NULL,176,0
773,5,5,"2020-01-22",NULL,NULL,NULL,176,0
774,5,5,"2020-01-22","2020-01-22",NULL,NULL,176,0
775,5,6,"2020-01-22",NULL,NULL,NULL,176,0
769,5,5,"2020-01-20",NULL,NULL,NULL,176,0
475,1,3,"2019-06-24",NULL,NULL,NULL,177,0
1005,4,5,"2020-03-04","2020-03-04",NULL,NULL,177,0
1006,5,6,"2020-03-04",NULL,NULL,NULL,177,0
393,1,3,"2019-05-02","2019-10-25",NULL,NULL,178,0
632,3,4,"2019-10-25","2020-03-31",NULL,NULL,178,0
1045,4,6,"2020-03-31",NULL,NULL,NULL,178,0
578,1,9,"2019-09-30","2019-09-30",3,"The festival has already happened.",179,1
579,9,7,"2019-09-30",NULL,NULL,NULL,179,0
383,0,1,"2019-04-23","2019-04-25",NULL,NULL,180,0
385,1,3,"2019-04-25","2019-08-23",NULL,NULL,180,0
521,5,6,"2019-08-23","2019-09-25",NULL,NULL,180,0
561,6,8,"2019-09-25",NULL,NULL,NULL,180,0
445,1,3,"2019-05-27","2019-09-18",NULL,NULL,181,0
548,3,4,"2019-09-18","2019-10-23",NULL,NULL,181,0
626,5,6,"2019-10-23",NULL,NULL,NULL,181,0
500,1,3,"2019-07-16","2019-07-16",NULL,NULL,182,0
501,3,9,"2019-07-16","2019-07-16",1,"El Director Regional conversó con la OSN y en conjunto con el Service Team member decidieron no continuar con el servicio.",182,1
502,9,7,"2019-07-16",NULL,NULL,NULL,182,0
443,1,3,"2019-05-26","2019-10-03",NULL,NULL,183,0
1121,3,9,"2020-05-06",NULL,1,"During the emergency time and taking account the internal situation about their small group of people to work in the operational process, the priority will be the service of Youth Programme",183,1
822,4,3,"2020-02-07","2020-05-06",NULL,NULL,183,0
590,4,3,"2019-10-03","2020-02-07",NULL,NULL,183,0
470,1,3,"2019-06-15","2020-03-23",NULL,NULL,184,0
1031,4,3,"2020-03-23",NULL,NULL,NULL,184,0
408,1,3,"2019-05-09","2019-07-13",NULL,NULL,185,0
967,3,9,"2020-03-02","2020-07-03",1,"Debido a cambios en el equipo nacional de la OSN por el momento no hay persona responsable de continuar con este servicio.",185,1
966,4,3,"2020-03-02","2020-03-02",NULL,NULL,185,0
623,4,3,"2019-10-18","2020-02-18",NULL,NULL,185,0
498,4,3,"2019-07-13","2019-10-18",NULL,NULL,185,0
885,4,3,"2020-02-18","2020-03-02",NULL,NULL,185,0
1270,9,3,"2020-07-03",NULL,NULL,NULL,185,0
396,1,9,"2019-05-02","2019-05-13",3,"....",186,1
394,1,9,"2019-05-02","2019-05-02",3,"Se volverá a redactar el servicio.",186,1
395,9,1,"2019-05-02","2019-05-02",NULL,NULL,186,0
419,9,7,"2019-05-13",NULL,NULL,NULL,186,0
417,1,3,"2019-05-13","2019-10-11",NULL,NULL,187,0
874,3,9,"2020-02-18",NULL,1,NULL,187,1
610,4,3,"2019-10-11","2020-02-18",NULL,NULL,187,0
866,4,3,"2020-02-18","2020-02-18",NULL,NULL,187,0
416,1,3,"2019-05-13","2019-10-10",NULL,NULL,188,0
871,3,9,"2020-02-18",NULL,1,"La OSN ha solicitado esperar hasta Abril 2020 para retomar el servicios, por cuanto en Marzo 2020 tendrá lugar su Asamblea Nacional y renovación de autoridades de su órgano de gobierno y desean comenzar el nuevo periodo recibiendo la inducción a la que se refiere este servicio.",188,1
609,4,3,"2019-10-10","2020-02-18",NULL,NULL,188,0
405,1,3,"2019-05-07","2019-11-15",NULL,NULL,189,0
660,5,6,"2019-11-15",NULL,NULL,NULL,189,0
399,1,3,"2019-05-05",NULL,NULL,NULL,190,0
402,0,1,"2019-05-07","2019-05-07",NULL,NULL,191,0
404,1,3,"2019-05-07",NULL,NULL,NULL,191,0
831,4,5,"2020-02-10","2020-03-03",NULL,NULL,191,0
993,5,6,"2020-03-03",NULL,NULL,NULL,191,0
403,1,3,"2019-05-07","2020-03-02",NULL,NULL,192,0
1003,3,9,"2020-03-04",NULL,1,"The NSO is currently having leadership crisis, once the issues are resolved the service will resume ",192,1
958,4,3,"2020-03-02","2020-03-04",NULL,NULL,192,0
406,1,3,"2019-05-08",NULL,NULL,NULL,193,0
1123,4,5,"2020-05-07","2020-05-07",NULL,NULL,193,0
1124,5,6,"2020-05-07",NULL,NULL,NULL,193,0
415,0,1,"2019-05-10","2019-05-14",NULL,NULL,194,0
422,1,3,"2019-05-14","2019-11-06",NULL,NULL,194,0
1078,4,3,"2020-04-13","2020-05-19",NULL,NULL,194,0
645,4,3,"2019-11-06","2020-02-18",NULL,NULL,194,0
1290,4,3,"2020-07-09",NULL,NULL,NULL,194,0
1152,4,3,"2020-05-19","2020-07-09",NULL,NULL,194,0
876,4,3,"2020-02-18","2020-04-13",NULL,NULL,194,0
440,1,3,"2019-05-24","2019-09-03",NULL,NULL,195,0
528,3,4,"2019-09-03","2019-09-10",NULL,NULL,195,0
533,5,6,"2019-09-10","2019-09-10",NULL,NULL,195,0
534,6,8,"2019-09-10",NULL,NULL,NULL,195,0
420,1,3,"2019-05-13",NULL,NULL,NULL,196,0
441,1,3,"2019-05-24","2020-01-05",NULL,NULL,197,0
743,3,9,"2020-01-05","2020-01-29",1,"La ASP hizo el cambio de su Jefe Scout Nacional por lo que los proyectos están detenidos en espera que la nueva JSN ratifique la continuación de la elaboración del PE.",197,1
886,4,3,"2020-02-19",NULL,NULL,NULL,197,0
788,9,3,"2020-01-29","2020-02-19",NULL,NULL,197,0
627,1,3,"2019-10-24","2020-01-31",NULL,NULL,198,0
802,3,9,"2020-01-31","2020-02-18",1,NULL,198,1
859,9,7,"2020-02-18",NULL,NULL,NULL,198,0
465,1,3,"2019-06-12","2020-03-05",NULL,NULL,199,0
1207,4,3,"2020-06-03",NULL,NULL,NULL,199,0
1327,4,5,"2020-07-20",NULL,NULL,NULL,199,0
1326,4,5,"2020-07-20",NULL,NULL,NULL,199,0
1008,4,3,"2020-03-05","2020-06-03",NULL,NULL,199,0
1483,5,5,"2020-09-07",NULL,NULL,NULL,199,0
423,1,3,"2019-05-17","2019-05-17",NULL,NULL,200,0
424,3,4,"2019-05-17","2019-09-27",NULL,NULL,200,0
575,5,6,"2019-09-27","2019-09-27",NULL,NULL,200,0
576,6,8,"2019-09-27",NULL,NULL,NULL,200,0
1187,1,4,"2020-05-26",NULL,NULL,NULL,201,0
1188,1,3,"2020-05-26","2020-05-26",NULL,NULL,202,0
1189,3,4,"2020-05-26",NULL,NULL,NULL,202,0
467,1,3,"2019-06-13",NULL,NULL,NULL,203,0
447,1,3,"2019-05-28","2019-10-10",NULL,NULL,204,0
606,4,3,"2019-10-10",NULL,NULL,NULL,204,0
1111,4,5,"2020-04-28",NULL,NULL,NULL,204,0
1112,5,5,"2020-04-28","2020-05-12",NULL,NULL,204,0
1131,5,6,"2020-05-12",NULL,NULL,NULL,204,0
496,1,4,"2019-07-11",NULL,NULL,NULL,205,0
1176,4,5,"2020-05-26","2020-05-26",NULL,NULL,205,0
1177,5,6,"2020-05-26","2020-07-30",NULL,NULL,205,0
1354,6,8,"2020-07-30",NULL,NULL,NULL,205,0
462,1,3,"2019-06-06",NULL,NULL,NULL,206,0
448,1,3,"2019-05-29",NULL,NULL,NULL,207,0
1051,4,5,"2020-04-01","2020-04-14",NULL,NULL,207,0
1080,5,6,"2020-04-14",NULL,NULL,NULL,207,0
633,1,3,"2019-10-25","2020-01-18",NULL,NULL,208,0
760,3,4,"2020-01-18",NULL,NULL,NULL,208,0
780,4,5,"2020-01-24","2020-03-13",NULL,NULL,208,0
1023,5,6,"2020-03-13",NULL,NULL,NULL,208,0
860,1,9,"2020-02-18",NULL,3,"The NSA will be potentially included in a pilot phase for the new Impact of Scouting Service",209,1
449,1,4,"2019-06-04","2020-01-16",NULL,NULL,210,0
753,3,9,"2020-01-16",NULL,3,"Ancient one",210,1
752,4,3,"2020-01-16","2020-01-16",NULL,NULL,210,0
450,1,4,"2019-06-04","2020-03-30",NULL,NULL,211,0
1036,4,6,"2020-03-30",NULL,NULL,NULL,211,0
468,1,9,"2019-06-13","2019-10-08",2,NULL,212,1
599,9,7,"2019-10-08",NULL,NULL,NULL,212,0
480,1,3,"2019-06-28","2019-07-10",NULL,NULL,213,0
491,3,4,"2019-07-10","2019-11-29",NULL,NULL,213,0
728,5,6,"2019-11-29",NULL,NULL,NULL,213,0
464,0,1,"2019-06-10","2019-06-19",NULL,NULL,214,0
474,1,3,"2019-06-19","2020-02-18",NULL,NULL,214,0
877,4,3,"2020-02-18","2020-04-06",NULL,NULL,214,0
1244,4,3,"2020-06-16",NULL,NULL,NULL,214,0
1059,4,3,"2020-04-06","2020-06-16",NULL,NULL,214,0
1415,4,5,"2020-08-05",NULL,NULL,NULL,214,0
466,1,3,"2019-06-12",NULL,NULL,NULL,215,0
1163,4,5,"2020-05-22","2020-05-22",NULL,NULL,215,0
1164,5,6,"2020-05-22",NULL,NULL,NULL,215,0
471,1,3,"2019-06-15","2020-03-21",NULL,NULL,216,0
1029,3,9,"2020-03-21",NULL,3,"Debido a la situación sanitaria a nivel global, la Asociación de Scouts de Colombia ha definido posponer la contratación del responsable técnico para la actualización del Proyecto Educativo hasta que la situación se regularice. Esto motiva poner en pausa el servicio hasta que las condiciones sean adecuadas para retomarlo.",216,1
1028,4,3,"2020-03-21","2020-03-21",NULL,NULL,216,0
553,1,9,"2019-09-23","2019-09-23",3,"test",217,1
554,9,7,"2019-09-23",NULL,NULL,NULL,217,0
469,1,3,"2019-06-14","2019-06-17",NULL,NULL,218,0
472,3,9,"2019-06-17","2020-05-13",3,"This activity is closing with another important activity on the Youth Programme (YP) review. 

After discussions with the NSO, it was agreed that they first focus to deliver the YP Review workshop after which the National MoP Workshop will be rescheduled.
",218,1
1138,7,10,"2020-05-13",NULL,NULL,NULL,218,0
1137,9,7,"2020-05-13",NULL,NULL,NULL,218,0
473,1,3,"2019-06-19",NULL,NULL,NULL,219,0
1161,4,5,"2020-05-22","2020-05-22",NULL,NULL,219,0
1162,5,6,"2020-05-22",NULL,NULL,NULL,219,0
486,1,3,"2019-07-09","2019-10-22",NULL,NULL,220,0
625,4,3,"2019-10-22",NULL,NULL,NULL,220,0
634,1,3,"2019-10-26","2020-02-18",NULL,NULL,221,0
875,4,3,"2020-02-18","2020-05-13",NULL,NULL,221,0
1140,4,3,"2020-05-13",NULL,NULL,NULL,221,0
722,1,9,"2019-11-23",NULL,3,"The NSO is back from a crisis and discussions are ongoing with the RD on this to see how can this service be delivered under the current situation in order to get better outcomes.",222,1
487,1,3,"2019-07-09","2019-12-19",NULL,NULL,223,0
739,3,4,"2019-12-19",NULL,NULL,NULL,223,0
1157,4,5,"2020-05-22","2020-05-22",NULL,NULL,223,0
1158,5,6,"2020-05-22",NULL,NULL,NULL,223,0
484,1,9,"2019-07-04","2019-07-16",3,"Task is complete as Linda Rainbow sent different version of the GSAT document.  Cannot see how to delete request (per Raul Sanchez's request to delete the request if it is complete), but can only put on hold.  Please delete request.  Thank you. Janine Halverson",224,1
503,9,7,"2019-07-16",NULL,NULL,NULL,224,0
479,1,3,"2019-06-26",NULL,NULL,NULL,225,0
785,4,5,"2020-01-28",NULL,NULL,NULL,225,0
787,4,5,"2020-01-28",NULL,NULL,NULL,225,0
786,4,5,"2020-01-28",NULL,NULL,NULL,225,0
816,4,5,"2020-02-06","2020-03-06",NULL,NULL,225,0
1010,5,6,"2020-03-06",NULL,NULL,NULL,225,0
485,1,3,"2019-07-09",NULL,NULL,NULL,226,0
1159,4,5,"2020-05-22","2020-05-22",NULL,NULL,226,0
1160,5,6,"2020-05-22",NULL,NULL,NULL,226,0
577,1,3,"2019-09-30","2020-03-02",NULL,NULL,227,0
1004,3,9,"2020-03-04",NULL,0,"There are some disagreements, on the scout properties that are jointly owned by Scout & Girl Guides. This has resulted in the closing of the main camp that was to be used for the training, also due to country's security situation participants from some areas are not able to travel to Juba the proposed venue for the event. 
Once these issues are resolved the service will be carried out  ",227,1
959,4,3,"2020-03-02","2020-03-04",NULL,NULL,227,0
721,1,9,"2019-11-23",NULL,3,"NSO made arround 5 requests on the service platform. Discussion ongoing with the NSO to figure out the best way to deliver the service",228,1
640,1,3,"2019-11-01","2020-03-02",NULL,NULL,229,0
961,4,3,"2020-03-02","2020-04-18",NULL,NULL,229,0
1099,4,3,"2020-04-18",NULL,NULL,NULL,229,0
551,1,3,"2019-09-21",NULL,NULL,NULL,230,0
483,1,3,"2019-07-02",NULL,NULL,NULL,231,0
509,1,3,"2019-07-31",NULL,NULL,NULL,233,0
1172,4,5,"2020-05-25","2020-05-25",NULL,NULL,233,0
1173,5,6,"2020-05-25",NULL,NULL,NULL,233,0
1350,1,9,"2020-07-30",NULL,1,"The NSO has being undergoing a leadership crisis and the Africa Support Centre is currently engaged in helping to resolve the crisis. ",234,1
513,1,3,"2019-08-05",NULL,NULL,NULL,235,0
489,1,3,"2019-07-09","2019-09-11",NULL,NULL,236,0
541,3,4,"2019-09-12","2020-02-06",NULL,NULL,236,0
538,4,3,"2019-09-11","2019-09-12",NULL,NULL,236,0
817,5,6,"2020-02-06",NULL,NULL,NULL,236,0
488,1,3,"2019-07-09",NULL,NULL,NULL,237,0
497,0,1,"2019-07-12","2019-09-11",NULL,NULL,238,0
535,1,4,"2019-09-11",NULL,NULL,NULL,238,0
733,1,3,"2019-12-04","2020-05-19",NULL,NULL,239,0
1151,3,9,"2020-05-19",NULL,0,"Slow response from the NSO",239,1
490,0,1,"2019-07-10","2019-11-11",NULL,NULL,240,0
647,1,9,"2019-11-11","2019-11-11",2,"This request is a duplication of a similar one that is approved and ongoing ",240,1
648,9,7,"2019-11-11",NULL,NULL,NULL,240,0
536,1,4,"2019-09-11",NULL,NULL,NULL,241,0
499,0,1,"2019-07-15","2020-05-26",NULL,NULL,242,0
1181,1,3,"2020-05-26",NULL,NULL,NULL,242,0
574,1,9,"2019-09-27","2019-11-13",3,"El servicio se ha puesto en pausa debido a que la asociación no ha respondido las solicitudes para definir los alcances del servicio. Se espera que a la brevedad se pueda restablecer la comunicación con el Jefe Scout.",243,1
719,1,3,"2019-11-22","2020-05-28",NULL,NULL,243,0
1204,4,3,"2020-05-28",NULL,NULL,NULL,243,0
652,9,1,"2019-11-13","2019-11-22",NULL,NULL,243,0
510,1,3,"2019-08-05","2019-10-02",NULL,NULL,244,0
588,5,6,"2019-10-02",NULL,NULL,NULL,244,0
506,0,1,"2019-07-29","2019-07-31",NULL,NULL,246,0
508,1,3,"2019-07-31","2020-02-07",NULL,NULL,246,0
821,4,3,"2020-02-07",NULL,NULL,NULL,246,0
507,1,3,"2019-07-31","2019-10-03",NULL,NULL,247,0
1223,4,3,"2020-06-09",NULL,NULL,NULL,247,0
589,4,3,"2019-10-03","2020-01-30",NULL,NULL,247,0
789,4,3,"2020-01-30","2020-06-09",NULL,NULL,247,0
532,1,9,"2019-09-10",NULL,3,"The NSO did not communicate during the review and approval phase.
Key enquries were:
1. Clarification on the scope of the service
2. Who would cover the cost of the service",248,1
763,1,9,"2020-01-19","2020-01-19",2,"

The NSO has submitted this service request now",249,1
764,9,7,"2020-01-19",NULL,NULL,NULL,249,0
522,1,3,"2019-08-30",NULL,NULL,NULL,250,0
543,0,1,"2019-09-16","2019-10-10",NULL,NULL,251,0
604,1,3,"2019-10-10",NULL,NULL,NULL,251,0
520,1,4,"2019-08-19",NULL,NULL,NULL,253,0
555,1,9,"2019-09-24","2019-09-24",3,"test run ",254,1
556,9,7,"2019-09-24",NULL,NULL,NULL,254,0
557,1,3,"2019-09-24","2020-06-22",NULL,NULL,256,0
1249,4,6,"2020-06-22",NULL,NULL,NULL,256,0
568,1,9,"2019-09-26","2019-09-26",3,"Demand of information for the Youth Programme Unit",257,1
569,9,7,"2019-09-26",NULL,NULL,NULL,257,0
1079,1,9,"2020-04-14","2020-04-24",3,"until we receive more information on the scope of the service request by the NSO",258,1
1110,1,3,"2020-04-24",NULL,NULL,NULL,258,0
1109,9,1,"2020-04-24","2020-04-24",NULL,NULL,258,0
1182,1,9,"2020-05-26","2020-05-26",2,"",259,1
1183,9,7,"2020-05-26",NULL,NULL,NULL,259,0
529,1,3,"2019-09-05",NULL,NULL,NULL,260,0
642,1,3,"2019-11-04",NULL,NULL,NULL,261,0
531,0,1,"2019-09-07","2019-09-16",NULL,NULL,262,0
542,1,3,"2019-09-16","2019-09-30",NULL,NULL,262,0
580,3,4,"2019-09-30","2019-12-19",NULL,NULL,262,0
740,5,6,"2019-12-19",NULL,NULL,NULL,262,0
616,1,4,"2019-10-11",NULL,NULL,NULL,263,0
1149,4,5,"2020-05-19","2020-05-19",NULL,NULL,263,0
1150,5,6,"2020-05-19",NULL,NULL,NULL,263,0
810,1,9,"2020-02-04","2020-02-04",2,NULL,264,1
812,7,10,"2020-02-04",NULL,NULL,NULL,264,0
811,9,7,"2020-02-04",NULL,NULL,NULL,264,0
537,1,4,"2019-09-11","2019-11-04",NULL,NULL,265,0
1230,4,6,"2020-06-11",NULL,NULL,NULL,265,0
643,4,3,"2019-11-04","2020-06-11",NULL,NULL,265,0
549,1,9,"2019-09-19","2019-10-10",3,"Potential move to a good governance request",266,1
603,9,7,"2019-10-10",NULL,NULL,NULL,266,0
602,1,3,"2019-10-10","2019-12-11",NULL,NULL,267,0
736,3,4,"2019-12-11",NULL,NULL,NULL,267,0
552,1,3,"2019-09-21","2020-02-20",NULL,NULL,268,0
892,3,9,"2020-02-20","2020-04-14",3,"No info back from the Organisation. Trying to reconnect",268,1
891,4,3,"2020-02-20","2020-02-20",NULL,NULL,268,0
1086,9,7,"2020-04-14",NULL,NULL,NULL,268,0
597,1,3,"2019-10-08","2020-01-16",NULL,NULL,269,0
1082,3,9,"2020-04-14",NULL,3,"Due to the situation with COVID-19. ",269,1
1081,4,3,"2020-04-14","2020-04-14",NULL,NULL,269,0
751,4,3,"2020-01-16","2020-04-14",NULL,NULL,269,0
724,1,3,"2019-11-26",NULL,NULL,NULL,270,0
828,1,9,"2020-02-10","2020-02-10",3,"This was a test request to show the leaders how to enter a service",271,1
829,9,7,"2020-02-10",NULL,NULL,NULL,271,0
583,1,3,"2019-09-30","2020-02-27",NULL,NULL,272,0
581,1,3,"2019-09-30","2019-09-30",NULL,NULL,272,0
582,3,1,"2019-09-30","2019-09-30",NULL,NULL,272,0
947,4,6,"2020-02-27",NULL,NULL,NULL,272,0
1041,1,9,"2020-03-31",NULL,3,"No substantial progress over three since November 2019 to get this projet running.
20200331 - Rupert",273,1
605,1,3,"2019-10-10","2020-02-17",NULL,NULL,274,0
945,3,9,"2020-02-27","2020-02-27",3,"Executive Director sent an email saying that he can´t attend the service requested.",274,1
848,4,3,"2020-02-17","2020-02-27",NULL,NULL,274,0
946,9,7,"2020-02-27",NULL,NULL,NULL,274,0
601,1,3,"2019-10-10","2020-04-21",NULL,NULL,275,0
1104,4,3,"2020-04-21",NULL,NULL,NULL,275,0
595,1,4,"2019-10-08",NULL,NULL,NULL,276,0
596,1,3,"2019-10-08",NULL,NULL,NULL,277,0
833,4,5,"2020-02-11","2020-02-12",NULL,NULL,277,0
835,5,6,"2020-02-12",NULL,NULL,NULL,277,0
727,1,9,"2019-11-28",NULL,3,"Waiting reaction form the NSA ",278,1
1044,1,9,"2020-03-31",NULL,1,NULL,279,1
598,1,3,"2019-10-08","2019-11-14",NULL,NULL,280,0
654,3,4,"2019-11-14","2020-02-14",NULL,NULL,280,0
841,5,6,"2020-02-14",NULL,NULL,NULL,280,0
619,1,3,"2019-10-12",NULL,NULL,NULL,281,0
614,0,1,"2019-10-11","2019-10-16",NULL,NULL,282,0
622,1,3,"2019-10-16","2020-03-03",NULL,NULL,282,0
990,4,3,"2020-03-03","2020-06-08",NULL,NULL,282,0
1216,4,3,"2020-06-08",NULL,NULL,NULL,282,0
615,1,3,"2019-10-11","2020-02-27",NULL,NULL,283,0
1468,3,4,"2020-08-28","2020-08-28",NULL,NULL,283,0
1098,4,3,"2020-04-18","2020-08-28",NULL,NULL,283,0
948,4,3,"2020-02-27","2020-04-18",NULL,NULL,283,0
1469,4,3,"2020-08-28",NULL,NULL,NULL,283,0
621,1,3,"2019-10-16",NULL,NULL,NULL,284,0
620,1,4,"2019-10-14",NULL,NULL,NULL,285,0
963,4,5,"2020-03-02","2020-03-02",NULL,NULL,285,0
977,5,6,"2020-03-02",NULL,NULL,NULL,285,0
734,1,3,"2019-12-09",NULL,NULL,NULL,286,0
638,1,3,"2019-10-30",NULL,NULL,NULL,287,0
1042,1,3,"2020-03-31","2020-05-21",NULL,NULL,288,0
1154,3,4,"2020-05-21",NULL,NULL,NULL,288,0
782,1,3,"2020-01-24","2020-08-25",NULL,NULL,289,0
1462,4,3,"2020-08-25",NULL,NULL,NULL,289,0
754,1,9,"2020-01-16","2020-07-13",1,"Postponed until getting info back from TSA",290,1
1297,9,7,"2020-07-13",NULL,NULL,NULL,290,0
635,1,4,"2019-10-29",NULL,NULL,NULL,291,0
842,4,5,"2020-02-14","2020-03-02",NULL,NULL,291,0
983,5,6,"2020-03-02",NULL,NULL,NULL,291,0
636,1,4,"2019-10-29",NULL,NULL,NULL,292,0
965,4,5,"2020-03-02","2020-03-02",NULL,NULL,292,0
987,5,6,"2020-03-02",NULL,NULL,NULL,292,0
637,1,4,"2019-10-29",NULL,NULL,NULL,293,0
964,4,5,"2020-03-02","2020-03-02",NULL,NULL,293,0
985,5,6,"2020-03-02",NULL,NULL,NULL,293,0
653,1,3,"2019-11-14","2020-07-23",NULL,NULL,294,0
1336,4,6,"2020-07-23",NULL,NULL,NULL,294,0
639,1,3,"2019-11-01",NULL,NULL,NULL,295,0
641,1,3,"2019-11-01","2020-03-02",NULL,NULL,296,0
1373,4,5,"2020-08-03",NULL,NULL,NULL,296,0
960,4,3,"2020-03-02",NULL,NULL,NULL,296,0
1437,5,5,"2020-08-18",NULL,NULL,NULL,296,0
1438,5,5,"2020-08-18",NULL,NULL,NULL,296,0
1374,5,5,"2020-08-03",NULL,NULL,NULL,296,0
657,1,9,"2019-11-14","2019-11-14",2,"El servicio va a ser reubicado en el área de buena gobernanza",297,1
923,7,10,"2020-02-21",NULL,NULL,NULL,297,0
658,9,7,"2019-11-14",NULL,NULL,NULL,297,0
800,1,3,"2020-01-31","2020-05-13",NULL,NULL,298,0
1363,3,9,"2020-07-30",NULL,1,"El servicio se pone pausa debido a una situación de conflicto interno en el órgano de gobierno de la OSN",298,1
1141,4,3,"2020-05-13","2020-07-30",NULL,NULL,298,0
738,1,3,"2019-12-18","2020-03-09",NULL,NULL,299,0
1019,4,3,"2020-03-09",NULL,NULL,NULL,299,0
720,1,3,"2019-11-22","2020-03-23",NULL,NULL,300,0
1279,4,3,"2020-07-07",NULL,NULL,NULL,300,0
1032,4,3,"2020-03-23","2020-07-07",NULL,NULL,300,0
646,0,1,"2019-11-07","2019-11-19",NULL,NULL,301,0
663,1,3,"2019-11-19",NULL,NULL,NULL,301,0
659,1,3,"2019-11-15",NULL,NULL,NULL,302,0
650,1,4,"2019-11-12",NULL,NULL,NULL,303,0
651,1,3,"2019-11-12",NULL,NULL,NULL,304,0
771,1,3,"2020-01-22",NULL,NULL,NULL,305,0
845,1,3,"2020-02-14","2020-07-30",NULL,NULL,306,0
1359,3,9,"2020-07-30",NULL,1,"Este servicio se pone en pausa debido a una situación de conflicto interna en el Órgano de Gobierno de la OSN ",306,1
1357,4,3,"2020-07-30","2020-07-30",NULL,NULL,306,0
801,1,3,"2020-01-31","2020-05-13",NULL,NULL,307,0
1362,3,4,"2020-07-30",NULL,NULL,NULL,307,0
1142,4,3,"2020-05-13","2020-07-30",NULL,NULL,307,0
796,1,3,"2020-01-30","2020-09-07",NULL,NULL,308,0
1485,3,4,"2020-09-07",NULL,NULL,NULL,308,0
664,1,3,"2019-11-19",NULL,NULL,NULL,309,0
968,4,5,"2020-03-02","2020-03-02",NULL,NULL,309,0
986,5,6,"2020-03-02",NULL,NULL,NULL,309,0
730,1,3,"2019-12-02","2019-12-03",NULL,NULL,310,0
731,3,9,"2019-12-03",NULL,3,"El servicio comenzará hasta el mes de Febrero de 2020, una vez que se haya cerrado el proceso de actualización del Proyecto Educativo.",310,1
667,1,3,"2019-11-21",NULL,NULL,NULL,311,0
994,4,5,"2020-03-03",NULL,NULL,NULL,311,0
995,4,5,"2020-03-03","2020-03-03",NULL,NULL,311,0
996,5,6,"2020-03-03",NULL,NULL,NULL,311,0
1043,1,3,"2020-03-31",NULL,NULL,NULL,312,0
668,1,3,"2019-11-21",NULL,NULL,NULL,313,0
723,1,3,"2019-11-25",NULL,NULL,NULL,314,0
725,1,3,"2019-11-27",NULL,NULL,NULL,318,0
726,0,1,"2019-11-27","2020-07-23",NULL,NULL,319,0
1337,1,9,"2020-07-23",NULL,1,NULL,319,1
794,1,3,"2020-01-30","2020-01-30",NULL,NULL,320,0
795,3,4,"2020-01-30","2020-01-31",NULL,NULL,320,0
807,4,6,"2020-01-31",NULL,NULL,NULL,320,0
729,1,3,"2019-12-02","2020-05-12",NULL,NULL,321,0
1280,4,3,"2020-07-07",NULL,NULL,NULL,321,0
1130,4,3,"2020-05-12","2020-07-07",NULL,NULL,321,0
804,1,4,"2020-01-31",NULL,NULL,NULL,322,0
1208,4,5,"2020-06-03",NULL,NULL,NULL,322,0
1209,4,5,"2020-06-03","2020-06-11",NULL,NULL,322,0
1231,5,6,"2020-06-11",NULL,NULL,NULL,322,0
805,1,4,"2020-01-31",NULL,NULL,NULL,323,0
732,0,1,"2019-12-04","2020-01-31",NULL,NULL,324,0
806,1,4,"2020-01-31",NULL,NULL,NULL,324,0
855,1,3,"2020-02-17","2020-05-13",NULL,NULL,325,0
1143,4,3,"2020-05-13",NULL,NULL,NULL,325,0
768,1,3,"2020-01-20","2020-06-09",NULL,NULL,326,0
1220,4,3,"2020-06-09",NULL,NULL,NULL,326,0
735,1,3,"2019-12-11",NULL,NULL,NULL,329,0
997,4,5,"2020-03-03","2020-03-03",NULL,NULL,329,0
998,5,6,"2020-03-03",NULL,NULL,NULL,329,0
737,1,3,"2019-12-13",NULL,NULL,NULL,330,0
1000,4,5,"2020-03-04",NULL,NULL,NULL,330,0
1001,5,5,"2020-03-04","2020-03-04",NULL,NULL,330,0
1002,5,6,"2020-03-04",NULL,NULL,NULL,330,0
878,1,3,"2020-02-18","2020-05-12",NULL,NULL,331,0
1129,4,3,"2020-05-12",NULL,NULL,NULL,331,0
856,0,9,"2020-02-18","2020-02-18",0,"jhgjhfuj",332,1
858,7,10,"2020-02-18",NULL,NULL,NULL,332,0
857,9,7,"2020-02-18",NULL,NULL,NULL,332,0
1303,1,9,"2020-07-15",NULL,2,"This is a duplicate request perhaps because of the slow internet connection from the side of Myanmar.",333,1
741,100,1,"2020-01-02","2020-07-15",NULL,NULL,333,0
742,0,1,"2020-01-02","2020-07-15",NULL,NULL,334,0
1302,1,3,"2020-07-15",NULL,NULL,NULL,334,0
756,1,3,"2020-01-17","2020-03-24",NULL,NULL,335,0
1034,4,6,"2020-03-24",NULL,NULL,NULL,335,0
744,100,1,"2020-01-07","2020-01-17",NULL,NULL,335,0
1007,1,3,"2020-03-04",NULL,NULL,NULL,336,0
745,100,1,"2020-01-08","2020-03-04",NULL,NULL,336,0
761,1,4,"2020-01-19",NULL,NULL,NULL,337,0
746,100,1,"2020-01-13","2020-01-19",NULL,NULL,337,0
766,1,9,"2020-01-19","2020-06-15",3,"reloaded on 19 January 2020",338,1
1247,1,3,"2020-06-21",NULL,NULL,NULL,338,0
1234,9,1,"2020-06-15","2020-06-21",NULL,NULL,338,0
747,100,1,"2020-01-14","2020-01-19",NULL,NULL,338,0
814,1,3,"2020-02-04",NULL,NULL,NULL,339,0
748,100,1,"2020-01-15","2020-02-04",NULL,NULL,339,0
767,1,3,"2020-01-20",NULL,NULL,NULL,340,0
838,4,5,"2020-02-13",NULL,NULL,NULL,340,0
840,4,5,"2020-02-13",NULL,NULL,NULL,340,0
1061,4,5,"2020-04-07",NULL,NULL,NULL,340,0
839,4,5,"2020-02-13",NULL,NULL,NULL,340,0
1062,4,5,"2020-04-07",NULL,NULL,NULL,340,0
1063,4,5,"2020-04-07","2020-04-07",NULL,NULL,340,0
1064,5,6,"2020-04-07",NULL,NULL,NULL,340,0
749,100,1,"2020-01-15","2020-01-20",NULL,NULL,340,0
778,1,3,"2020-01-23",NULL,NULL,NULL,341,0
750,100,1,"2020-01-16","2020-01-23",NULL,NULL,341,0
826,1,3,"2020-02-09",NULL,NULL,NULL,342,0
755,100,1,"2020-01-17","2020-02-09",NULL,NULL,342,0
936,1,3,"2020-02-24",NULL,NULL,NULL,343,0
757,100,1,"2020-01-18","2020-02-24",NULL,NULL,343,0
978,1,9,"2020-03-02","2020-03-02",2,"La OSN solicitó tres servicios similares, uno por cada programa mundial. 
En acuerdo entre la OSN y la consultora asignada -Laura Delgado- se decidió integrarlos en un solo servicio que ya está en marcha.",344,1
1022,7,10,"2020-03-11",NULL,NULL,NULL,344,0
979,9,7,"2020-03-02",NULL,NULL,NULL,344,0
758,100,1,"2020-01-18","2020-03-02",NULL,NULL,344,0
980,1,9,"2020-03-02","2020-03-02",2,"La OSN solicitó tres servicios similares, uno por cada programa mundial. 
En acuerdo entre la OSN y la consultora asignada -Laura Delgado- se decidió integrarlos en un solo servicio que ya está en marcha.",345,1
982,7,10,"2020-03-02",NULL,NULL,NULL,345,0
981,9,7,"2020-03-02",NULL,NULL,NULL,345,0
759,100,1,"2020-01-18","2020-03-02",NULL,NULL,345,0
1212,1,3,"2020-06-07","2020-06-15",NULL,NULL,346,0
1235,3,9,"2020-06-15","2020-06-15",3,"This request will be canceled",346,1
1242,7,10,"2020-06-15",NULL,NULL,NULL,346,0
1236,9,7,"2020-06-15",NULL,NULL,NULL,346,0
762,100,1,"2020-01-19","2020-06-07",NULL,NULL,346,0
830,1,3,"2020-02-10","2020-06-15",NULL,NULL,347,0
1238,3,9,"2020-06-15","2020-06-15",3,"This Service Request will be canceled",347,1
1237,4,3,"2020-06-15","2020-06-15",NULL,NULL,347,0
1239,9,7,"2020-06-15",NULL,NULL,NULL,347,0
765,100,1,"2020-01-19","2020-02-10",NULL,NULL,347,0
813,1,3,"2020-02-04",NULL,NULL,NULL,348,0
770,100,1,"2020-01-21","2020-02-04",NULL,NULL,348,0
790,1,3,"2020-01-30","2020-01-30",NULL,NULL,350,0
791,3,9,"2020-01-30","2020-01-30",2,"Double request from the NSO",350,1
793,7,10,"2020-01-30",NULL,NULL,NULL,350,0
792,9,7,"2020-01-30",NULL,NULL,NULL,350,0
776,100,1,"2020-01-23","2020-01-30",NULL,NULL,350,0
803,1,3,"2020-01-31",NULL,NULL,NULL,351,0
777,100,1,"2020-01-23","2020-01-31",NULL,NULL,351,0
781,1,3,"2020-01-24",NULL,NULL,NULL,352,0
1060,4,5,"2020-04-06",NULL,NULL,NULL,352,0
854,4,5,"2020-02-17",NULL,NULL,NULL,352,0
1071,4,5,"2020-04-07","2020-05-13",NULL,NULL,352,0
1136,5,6,"2020-05-13",NULL,NULL,NULL,352,0
779,100,1,"2020-01-24","2020-01-24",NULL,NULL,352,0
867,1,9,"2020-02-18","2020-02-18",2,NULL,353,1
924,7,10,"2020-02-21",NULL,NULL,NULL,353,0
868,9,7,"2020-02-18",NULL,NULL,NULL,353,0
783,100,1,"2020-01-24","2020-02-18",NULL,NULL,353,0
926,1,3,"2020-02-24",NULL,NULL,NULL,354,0
784,100,1,"2020-01-25","2020-02-24",NULL,NULL,354,0
869,1,9,"2020-02-18","2020-02-18",2,NULL,356,1
925,7,10,"2020-02-21",NULL,NULL,NULL,356,0
870,9,7,"2020-02-18",NULL,NULL,NULL,356,0
798,100,1,"2020-01-30","2020-02-18",NULL,NULL,356,0
799,0,1,"2020-01-30","2020-02-14",NULL,NULL,357,0
846,1,3,"2020-02-14","2020-05-13",NULL,NULL,357,0
1365,4,3,"2020-07-30",NULL,NULL,NULL,357,0
1144,4,3,"2020-05-13","2020-07-30",NULL,NULL,357,0
808,0,1,"2020-02-04","2020-02-04",NULL,NULL,358,0
809,1,3,"2020-02-04",NULL,NULL,NULL,358,0
1020,1,3,"2020-03-09",NULL,NULL,NULL,359,0
815,100,1,"2020-02-04","2020-03-09",NULL,NULL,359,0
879,1,3,"2020-02-18","2020-06-09",NULL,NULL,360,0
1328,3,4,"2020-07-20",NULL,NULL,NULL,360,0
1330,4,5,"2020-07-21",NULL,NULL,NULL,360,0
1225,4,3,"2020-06-09","2020-07-20",NULL,NULL,360,0
1361,4,5,"2020-07-30",NULL,NULL,NULL,360,0
1360,4,5,"2020-07-30",NULL,NULL,NULL,360,0
1358,4,5,"2020-07-30",NULL,NULL,NULL,360,0
1329,4,5,"2020-07-21",NULL,NULL,NULL,360,0
1384,5,6,"2020-08-03",NULL,NULL,NULL,360,0
1383,5,5,"2020-08-03","2020-08-03",NULL,NULL,360,0
818,100,1,"2020-02-06","2020-02-18",NULL,NULL,360,0
863,1,3,"2020-02-18",NULL,NULL,NULL,361,0
1065,4,5,"2020-04-07",NULL,NULL,NULL,361,0
1066,4,5,"2020-04-07",NULL,NULL,NULL,361,0
1038,4,5,"2020-03-30",NULL,NULL,NULL,361,0
1039,4,5,"2020-03-30",NULL,NULL,NULL,361,0
1069,5,5,"2020-04-07",NULL,NULL,NULL,361,0
1070,5,5,"2020-04-07","2020-05-07",NULL,NULL,361,0
1125,5,6,"2020-05-07",NULL,NULL,NULL,361,0
819,100,1,"2020-02-06","2020-02-18",NULL,NULL,361,0
825,0,1,"2020-02-09","2020-07-30",NULL,NULL,363,0
1351,1,9,"2020-07-30","2020-07-30",2,"The request was put in twice ",363,1
1353,7,10,"2020-07-30",NULL,NULL,NULL,363,0
1352,9,7,"2020-07-30",NULL,NULL,NULL,363,0
1118,1,3,"2020-05-04",NULL,NULL,NULL,364,0
827,100,1,"2020-02-09","2020-05-04",NULL,NULL,364,0
1009,1,3,"2020-03-05","2020-06-22",NULL,NULL,365,0
1248,4,3,"2020-06-22",NULL,NULL,NULL,365,0
832,100,1,"2020-02-11","2020-03-05",NULL,NULL,365,0
887,1,3,"2020-02-19","2020-06-09",NULL,NULL,367,0
1224,3,9,"2020-06-09",NULL,1,"Due COVID-19 the NSO asked to put on hold this service, the will re-take it once the conditions improved. ",367,1
834,100,1,"2020-02-11","2020-02-19",NULL,NULL,367,0
1306,1,9,"2020-07-15","2020-08-19",2,"This is a duplicate service request.  Needs to be cancelled.",368,1
1448,7,10,"2020-08-20",NULL,NULL,NULL,368,0
1443,9,7,"2020-08-19",NULL,NULL,NULL,368,0
836,100,1,"2020-02-13","2020-07-15",NULL,NULL,368,0
1282,1,4,"2020-07-08",NULL,NULL,NULL,369,0
1432,4,5,"2020-08-17",NULL,NULL,NULL,369,0
1436,5,5,"2020-08-18",NULL,NULL,NULL,369,0
1442,5,6,"2020-08-19","2020-09-01",NULL,NULL,369,0
1441,5,5,"2020-08-19","2020-08-19",NULL,NULL,369,0
1440,5,5,"2020-08-19",NULL,NULL,NULL,369,0
1473,6,8,"2020-09-01",NULL,NULL,NULL,369,0
837,100,1,"2020-02-13","2020-07-08",NULL,NULL,369,0
1139,1,3,"2020-05-13",NULL,NULL,NULL,370,0
847,100,1,"2020-02-15","2020-05-13",NULL,NULL,370,0
890,1,3,"2020-02-20",NULL,NULL,NULL,371,0
862,100,1,"2020-02-18","2020-02-20",NULL,NULL,371,0
897,0,9,"2020-02-20","2020-02-20",2,"هذه الخدمة لا تحتاج الى اى تمويل
",372,1
1021,0,1,"2020-03-10","2020-03-26",NULL,NULL,372,0
1035,1,4,"2020-03-26",NULL,NULL,NULL,372,0
898,9,0,"2020-02-20","2020-03-10",NULL,NULL,372,0
905,0,1,"2020-02-21","2020-02-21",NULL,NULL,373,0
906,1,9,"2020-02-21","2020-02-21",3,"Testing",373,1
908,7,10,"2020-02-21",NULL,NULL,NULL,373,0
907,9,7,"2020-02-21",NULL,NULL,NULL,373,0
909,0,9,"2020-02-21","2020-02-21",1,NULL,374,1
911,7,10,"2020-02-21",NULL,NULL,NULL,374,0
910,9,7,"2020-02-21",NULL,NULL,NULL,374,0
913,1,9,"2020-02-21","2020-02-21",0,NULL,375,1
915,7,10,"2020-02-21",NULL,NULL,NULL,375,0
914,9,7,"2020-02-21",NULL,NULL,NULL,375,0
912,100,1,"2020-02-21","2020-02-21",NULL,NULL,375,0
917,1,9,"2020-02-21","2020-02-21",0,NULL,376,1
919,7,10,"2020-02-21",NULL,NULL,NULL,376,0
918,9,7,"2020-02-21",NULL,NULL,NULL,376,0
916,100,1,"2020-02-21","2020-02-21",NULL,NULL,376,0
928,1,9,"2020-02-24","2020-02-24",0,NULL,377,1
930,7,10,"2020-02-24",NULL,NULL,NULL,377,0
929,9,7,"2020-02-24",NULL,NULL,NULL,377,0
927,100,1,"2020-02-24","2020-02-24",NULL,NULL,377,0
938,1,4,"2020-02-25",NULL,NULL,NULL,378,0
1014,4,5,"2020-03-07","2020-03-07",NULL,NULL,378,0
1015,5,6,"2020-03-07",NULL,NULL,NULL,378,0
937,100,1,"2020-02-25","2020-02-25",NULL,NULL,378,0
940,1,3,"2020-02-25","2020-02-25",NULL,NULL,379,0
941,3,4,"2020-02-25",NULL,NULL,NULL,379,0
939,100,1,"2020-02-25","2020-02-25",NULL,NULL,379,0
1012,0,1,"2020-03-06","2020-03-09",NULL,NULL,380,0
1016,1,3,"2020-03-09",NULL,NULL,NULL,380,0
1013,0,1,"2020-03-06","2020-03-09",NULL,NULL,381,0
1017,1,3,"2020-03-09","2020-04-18",NULL,NULL,381,0
1482,3,4,"2020-09-07",NULL,NULL,NULL,381,0
1100,4,3,"2020-04-18","2020-09-07",NULL,NULL,381,0
955,1,3,"2020-03-02",NULL,NULL,NULL,382,0
953,100,1,"2020-03-01","2020-03-02",NULL,NULL,382,0
956,1,4,"2020-03-02",NULL,NULL,NULL,383,0
1046,4,5,"2020-03-31",NULL,NULL,NULL,383,0
1147,5,6,"2020-05-13",NULL,NULL,NULL,383,0
1146,5,5,"2020-05-13","2020-05-13",NULL,NULL,383,0
954,100,1,"2020-03-01","2020-03-02",NULL,NULL,383,0
1370,1,9,"2020-07-31",NULL,3,"This service is delayed on the NSO side because of the impact of COVID. Radu is in contact with them and he will support them (with Máire) once they are in a position to work on it again.",385,1
999,100,1,"2020-03-03","2020-07-31",NULL,NULL,385,0
1018,1,3,"2020-03-09","2020-04-18",NULL,NULL,386,0
1101,4,3,"2020-04-18",NULL,NULL,NULL,386,0
1011,100,1,"2020-03-06","2020-03-09",NULL,NULL,386,0
1213,1,3,"2020-06-07",NULL,NULL,NULL,387,0
1024,100,1,"2020-03-17","2020-06-07",NULL,NULL,387,0
1025,100,1,"2020-03-17",NULL,NULL,NULL,388,0
1122,1,4,"2020-05-06",NULL,NULL,NULL,389,0
1026,100,1,"2020-03-19","2020-05-06",NULL,NULL,389,0
1068,1,3,"2020-04-07","2020-08-04",NULL,NULL,390,0
1399,3,4,"2020-08-04",NULL,NULL,NULL,390,0
1435,4,5,"2020-08-17",NULL,NULL,NULL,390,0
1433,4,5,"2020-08-17",NULL,NULL,NULL,390,0
1466,5,5,"2020-08-27",NULL,NULL,NULL,390,0
1463,5,5,"2020-08-25",NULL,NULL,NULL,390,0
1027,100,1,"2020-03-21","2020-04-07",NULL,NULL,390,0
1030,100,1,"2020-03-23",NULL,NULL,NULL,391,0
1048,1,3,"2020-04-01",NULL,NULL,NULL,392,0
1047,100,1,"2020-04-01","2020-04-01",NULL,NULL,392,0
1053,1,9,"2020-04-02","2020-04-02",0,"test",393,1
1055,7,10,"2020-04-02",NULL,NULL,NULL,393,0
1054,9,7,"2020-04-02",NULL,NULL,NULL,393,0
1052,100,1,"2020-04-02","2020-04-02",NULL,NULL,393,0
1072,1,3,"2020-04-09",NULL,NULL,NULL,394,0
1057,100,1,"2020-04-06","2020-04-09",NULL,NULL,394,0
1074,1,9,"2020-04-13","2020-04-13",3,"test",395,1
1076,7,10,"2020-04-13",NULL,NULL,NULL,395,0
1075,9,7,"2020-04-13",NULL,NULL,NULL,395,0
1073,100,1,"2020-04-13","2020-04-13",NULL,NULL,395,0
1174,1,4,"2020-05-26","2020-06-30",NULL,NULL,396,0
1253,4,6,"2020-06-30",NULL,NULL,NULL,396,0
1077,100,1,"2020-04-13","2020-05-26",NULL,NULL,396,0
1090,1,9,"2020-04-16","2020-04-16",3,"test",397,1
1092,7,10,"2020-04-16",NULL,NULL,NULL,397,0
1091,9,7,"2020-04-16",NULL,NULL,NULL,397,0
1089,100,1,"2020-04-16","2020-04-16",NULL,NULL,397,0
1096,1,3,"2020-04-18",NULL,NULL,NULL,398,0
1093,100,1,"2020-04-16","2020-04-18",NULL,NULL,398,0
1097,1,3,"2020-04-18",NULL,NULL,NULL,399,0
1094,100,1,"2020-04-17","2020-04-18",NULL,NULL,399,0
1179,1,3,"2020-05-26",NULL,NULL,NULL,400,0
1095,100,1,"2020-04-17","2020-05-26",NULL,NULL,400,0
1113,1,9,"2020-04-29","2020-04-29",2,NULL,401,1
1116,7,10,"2020-04-29",NULL,NULL,NULL,401,0
1114,9,7,"2020-04-29",NULL,NULL,NULL,401,0
1107,100,1,"2020-04-21","2020-04-29",NULL,NULL,401,0
1478,1,3,"2020-09-03",NULL,NULL,NULL,402,0
1108,100,1,"2020-04-22","2020-09-03",NULL,NULL,402,0
1175,1,4,"2020-05-26","2020-07-15",NULL,NULL,403,0
1307,4,6,"2020-07-15",NULL,NULL,NULL,403,0
1115,100,1,"2020-04-29","2020-05-26",NULL,NULL,403,0
1120,1,3,"2020-05-05",NULL,NULL,NULL,404,0
1119,100,1,"2020-05-05","2020-05-05",NULL,NULL,404,0
1128,1,3,"2020-05-12","2020-05-21",NULL,NULL,405,0
1155,3,4,"2020-05-21",NULL,NULL,NULL,405,0
1201,4,5,"2020-05-28",NULL,NULL,NULL,405,0
1202,5,5,"2020-05-28",NULL,NULL,NULL,405,0
1126,100,1,"2020-05-08","2020-05-12",NULL,NULL,405,0
1145,1,3,"2020-05-13","2020-05-25",NULL,NULL,406,0
1169,4,6,"2020-05-25",NULL,NULL,NULL,406,0
1127,100,1,"2020-05-11","2020-05-13",NULL,NULL,406,0
1211,1,3,"2020-06-04",NULL,NULL,NULL,407,0
1148,100,1,"2020-05-14","2020-06-04",NULL,NULL,407,0
1156,0,1,"2020-05-22","2020-07-15",NULL,NULL,408,0
1304,1,3,"2020-07-15",NULL,NULL,NULL,408,0
1214,1,3,"2020-06-07",NULL,NULL,NULL,409,0
1166,100,1,"2020-05-23","2020-06-07",NULL,NULL,409,0
1226,1,3,"2020-06-10",NULL,NULL,NULL,410,0
1191,100,1,"2020-05-26","2020-06-10",NULL,NULL,410,0
1227,1,3,"2020-06-10",NULL,NULL,NULL,411,0
1192,100,1,"2020-05-26","2020-06-10",NULL,NULL,411,0
1210,1,3,"2020-06-04",NULL,NULL,NULL,412,0
1206,100,1,"2020-06-02","2020-06-04",NULL,NULL,412,0
1305,1,3,"2020-07-15",NULL,NULL,NULL,413,0
1215,100,1,"2020-06-08","2020-07-15",NULL,NULL,413,0
1356,1,3,"2020-07-30",NULL,NULL,NULL,414,0
1217,100,1,"2020-06-08","2020-07-30",NULL,NULL,414,0
1233,1,3,"2020-06-12",NULL,NULL,NULL,415,0
1219,100,1,"2020-06-09","2020-06-12",NULL,NULL,415,0
1232,100,1,"2020-06-12",NULL,NULL,NULL,416,0
1241,1,3,"2020-06-15",NULL,NULL,NULL,417,0
1240,100,1,"2020-06-15","2020-06-15",NULL,NULL,417,0
1271,0,1,"2020-07-05",NULL,NULL,NULL,418,0
1251,1,4,"2020-06-25",NULL,NULL,NULL,419,0
1250,100,1,"2020-06-25","2020-06-25",NULL,NULL,419,0
1364,1,3,"2020-07-30",NULL,NULL,NULL,420,0
1252,100,1,"2020-06-25","2020-07-30",NULL,NULL,420,0
1333,1,3,"2020-07-21",NULL,NULL,NULL,421,0
1256,100,1,"2020-07-01","2020-07-21",NULL,NULL,421,0
1308,1,3,"2020-07-15",NULL,NULL,NULL,422,0
1257,100,1,"2020-07-03","2020-07-15",NULL,NULL,422,0
1310,1,3,"2020-07-15",NULL,NULL,NULL,423,0
1258,100,1,"2020-07-03","2020-07-15",NULL,NULL,423,0
1311,1,3,"2020-07-15",NULL,NULL,NULL,424,0
1259,100,1,"2020-07-03","2020-07-15",NULL,NULL,424,0
1312,1,3,"2020-07-15",NULL,NULL,NULL,425,0
1260,100,1,"2020-07-03","2020-07-15",NULL,NULL,425,0
1309,1,3,"2020-07-15",NULL,NULL,NULL,426,0
1261,100,1,"2020-07-03","2020-07-15",NULL,NULL,426,0
1313,1,3,"2020-07-15",NULL,NULL,NULL,427,0
1262,100,1,"2020-07-03","2020-07-15",NULL,NULL,427,0
1318,1,3,"2020-07-15",NULL,NULL,NULL,428,0
1263,100,1,"2020-07-03","2020-07-15",NULL,NULL,428,0
1319,1,3,"2020-07-15",NULL,NULL,NULL,429,0
1264,100,1,"2020-07-03","2020-07-15",NULL,NULL,429,0
1320,1,3,"2020-07-15",NULL,NULL,NULL,430,0
1265,100,1,"2020-07-03","2020-07-15",NULL,NULL,430,0
1314,1,3,"2020-07-15",NULL,NULL,NULL,431,0
1266,100,1,"2020-07-03","2020-07-15",NULL,NULL,431,0
1315,1,3,"2020-07-15",NULL,NULL,NULL,432,0
1267,100,1,"2020-07-03","2020-07-15",NULL,NULL,432,0
1316,1,3,"2020-07-15",NULL,NULL,NULL,433,0
1268,100,1,"2020-07-03","2020-07-15",NULL,NULL,433,0
1317,1,3,"2020-07-15",NULL,NULL,NULL,434,0
1269,100,1,"2020-07-03","2020-07-15",NULL,NULL,434,0
1272,0,1,"2020-07-05","2020-08-17",NULL,NULL,435,0
1429,1,9,"2020-08-17","2020-09-01",2,NULL,435,1
1472,9,7,"2020-09-01",NULL,NULL,NULL,435,0
1273,0,1,"2020-07-05",NULL,NULL,NULL,436,0
1387,1,9,"2020-08-04","2020-08-04",3,"it was integrated for test purpose ",437,1
1388,9,7,"2020-08-04",NULL,NULL,NULL,437,0
1274,100,1,"2020-07-06","2020-08-04",NULL,NULL,437,0
1393,1,9,"2020-08-04","2020-08-04",3,"fake request that was created for test purpose",438,1
1394,9,7,"2020-08-04",NULL,NULL,NULL,438,0
1275,100,1,"2020-07-06","2020-08-04",NULL,NULL,438,0
1395,1,9,"2020-08-04","2020-08-04",3,"fake request that was created for test purpose",439,1
1396,9,7,"2020-08-04",NULL,NULL,NULL,439,0
1276,100,1,"2020-07-06","2020-08-04",NULL,NULL,439,0
1341,1,3,"2020-07-26",NULL,NULL,NULL,440,0
1277,100,1,"2020-07-07","2020-07-26",NULL,NULL,440,0
1389,1,9,"2020-08-04","2020-08-04",3,"this is a fake request that was created for test purpose ",441,1
1390,9,7,"2020-08-04",NULL,NULL,NULL,441,0
1281,100,1,"2020-07-07","2020-08-04",NULL,NULL,441,0
1332,1,3,"2020-07-21",NULL,NULL,NULL,442,0
1283,100,1,"2020-07-08","2020-07-21",NULL,NULL,442,0
1285,1,3,"2020-07-08","2020-07-14",NULL,NULL,443,0
1301,3,4,"2020-07-14",NULL,NULL,NULL,443,0
1344,4,5,"2020-07-27",NULL,NULL,NULL,443,0
1343,4,5,"2020-07-27",NULL,NULL,NULL,443,0
1455,5,5,"2020-08-24",NULL,NULL,NULL,443,0
1284,100,1,"2020-07-08","2020-07-08",NULL,NULL,443,0
1391,1,9,"2020-08-04","2020-08-04",3,"fake request that was created for test purpose",444,1
1392,9,7,"2020-08-04",NULL,NULL,NULL,444,0
1286,100,1,"2020-07-09","2020-08-04",NULL,NULL,444,0
1402,1,9,"2020-08-04","2020-08-04",3,"fake request that was created for test purpose",445,1
1403,9,7,"2020-08-04",NULL,NULL,NULL,445,0
1287,100,1,"2020-07-09","2020-08-04",NULL,NULL,445,0
1288,0,1,"2020-07-09","2020-08-17",NULL,NULL,446,0
1430,1,9,"2020-08-17",NULL,2,NULL,446,1
1289,0,1,"2020-07-09","2020-07-10",NULL,NULL,447,0
1295,1,3,"2020-07-10","2020-07-20",NULL,NULL,447,0
1325,3,4,"2020-07-20",NULL,NULL,NULL,447,0
1434,4,5,"2020-08-17",NULL,NULL,NULL,447,0
1342,4,5,"2020-07-27",NULL,NULL,NULL,447,0
1294,0,1,"2020-07-10","2020-08-04",NULL,NULL,448,0
1397,1,9,"2020-08-04","2020-08-04",3,"fake request that was created for test purpose",448,1
1398,9,7,"2020-08-04",NULL,NULL,NULL,448,0
1400,1,9,"2020-08-04","2020-08-04",3,"fake request that was created for test purpose",449,1
1401,9,7,"2020-08-04",NULL,NULL,NULL,449,0
1291,100,1,"2020-07-10","2020-08-04",NULL,NULL,449,0
1404,1,9,"2020-08-04","2020-08-04",3,"fake request that was created for test purpose",451,1
1405,9,7,"2020-08-04",NULL,NULL,NULL,451,0
1292,100,1,"2020-07-10","2020-08-04",NULL,NULL,451,0
1406,1,9,"2020-08-04","2020-08-04",3,"fake request that was created for test purpose",452,1
1407,9,7,"2020-08-04",NULL,NULL,NULL,452,0
1293,100,1,"2020-07-10","2020-08-04",NULL,NULL,452,0
1419,1,4,"2020-08-08",NULL,NULL,NULL,453,0
1298,100,1,"2020-07-13","2020-08-08",NULL,NULL,453,0
1335,1,3,"2020-07-22",NULL,NULL,NULL,454,0
1299,100,1,"2020-07-14","2020-07-22",NULL,NULL,454,0
1338,1,3,"2020-07-23",NULL,NULL,NULL,455,0
1300,100,1,"2020-07-14","2020-07-23",NULL,NULL,455,0
1322,100,1,"2020-07-18",NULL,NULL,NULL,456,0
1410,1,9,"2020-08-04","2020-08-04",3,"this is a replicated request and will be delivered through the original workshop",457,1
1411,9,7,"2020-08-04",NULL,NULL,NULL,457,0
1323,100,1,"2020-07-18","2020-08-04",NULL,NULL,457,0
1324,0,1,"2020-07-20","2020-08-04",NULL,NULL,458,0
1412,1,9,"2020-08-04","2020-08-04",3,"a replicated request",458,1
1413,9,7,"2020-08-04",NULL,NULL,NULL,458,0
1331,100,1,"2020-07-21",NULL,NULL,NULL,460,0
1334,100,1,"2020-07-22",NULL,NULL,NULL,461,0
1416,1,3,"2020-08-05",NULL,NULL,NULL,462,0
1339,100,1,"2020-07-24","2020-08-05",NULL,NULL,462,0
1414,1,9,"2020-08-05",NULL,3,"This service will initiate once the update to the national youth engagement policy service is finalized.",463,1
1340,100,1,"2020-07-24","2020-08-05",NULL,NULL,463,0
1426,1,3,"2020-08-17",NULL,NULL,NULL,464,0
1345,100,1,"2020-07-28","2020-08-17",NULL,NULL,464,0
1408,1,9,"2020-08-04","2020-08-04",3,"fake request that was created for test purpose",465,1
1420,7,10,"2020-08-09",NULL,NULL,NULL,465,0
1409,9,7,"2020-08-04",NULL,NULL,NULL,465,0
1346,100,1,"2020-07-28","2020-08-04",NULL,NULL,465,0
1347,100,1,"2020-07-28",NULL,NULL,NULL,466,0
1428,1,9,"2020-08-17","2020-09-01",2,"",467,1
1471,9,7,"2020-09-01",NULL,NULL,NULL,467,0
1348,100,1,"2020-07-28","2020-08-17",NULL,NULL,467,0
1445,1,9,"2020-08-20","2020-08-20",2,NULL,468,1
1447,7,10,"2020-08-20",NULL,NULL,NULL,468,0
1446,9,7,"2020-08-20",NULL,NULL,NULL,468,0
1349,100,1,"2020-07-29","2020-08-20",NULL,NULL,468,0
1371,100,1,"2020-07-31",NULL,NULL,NULL,469,0
1372,0,1,"2020-08-02","2020-08-26",NULL,NULL,470,0
1464,1,3,"2020-08-26",NULL,NULL,NULL,470,0
1379,1,3,"2020-08-03",NULL,NULL,NULL,471,0
1375,100,1,"2020-08-03","2020-08-03",NULL,NULL,471,0
1380,1,3,"2020-08-03",NULL,NULL,NULL,472,0
1376,100,1,"2020-08-03","2020-08-03",NULL,NULL,472,0
1381,1,3,"2020-08-03",NULL,NULL,NULL,473,0
1377,100,1,"2020-08-03","2020-08-03",NULL,NULL,473,0
1382,1,3,"2020-08-03",NULL,NULL,NULL,474,0
1378,100,1,"2020-08-03","2020-08-03",NULL,NULL,474,0
1417,1,9,"2020-08-07","2020-08-07",2,"There is ongoing service on WOSM Assessment and thus the service on Self Assessment does not qualify",475,1
1418,9,7,"2020-08-07",NULL,NULL,NULL,475,0
1385,100,1,"2020-08-04","2020-08-07",NULL,NULL,475,0
1386,100,1,"2020-08-04",NULL,NULL,NULL,476,0
1421,100,1,"2020-08-10",NULL,NULL,NULL,477,0
1422,100,1,"2020-08-10",NULL,NULL,NULL,478,0
1444,1,3,"2020-08-20",NULL,NULL,NULL,479,0
1423,100,1,"2020-08-13","2020-08-20",NULL,NULL,479,0
1424,100,1,"2020-08-14",NULL,NULL,NULL,480,0
1427,1,3,"2020-08-17",NULL,NULL,NULL,481,0
1425,100,1,"2020-08-14","2020-08-17",NULL,NULL,481,0
1431,100,1,"2020-08-17",NULL,NULL,NULL,482,0
1439,100,1,"2020-08-19",NULL,NULL,NULL,483,0
1449,100,1,"2020-08-23",NULL,NULL,NULL,484,0
1456,1,9,"2020-08-25","2020-08-25",2,NULL,485,1
1458,7,10,"2020-08-25",NULL,NULL,NULL,485,0
1457,9,7,"2020-08-25",NULL,NULL,NULL,485,0
1450,100,1,"2020-08-23","2020-08-25",NULL,NULL,485,0
1459,1,9,"2020-08-25","2020-08-25",2,NULL,486,1
1461,7,10,"2020-08-25",NULL,NULL,NULL,486,0
1460,9,7,"2020-08-25",NULL,NULL,NULL,486,0
1451,100,1,"2020-08-23","2020-08-25",NULL,NULL,486,0
1480,1,3,"2020-09-07",NULL,NULL,NULL,487,0
1452,100,1,"2020-08-23","2020-09-07",NULL,NULL,487,0
1454,1,3,"2020-08-24","2020-09-02",NULL,NULL,488,0
1475,3,4,"2020-09-02",NULL,NULL,NULL,488,0
1453,100,1,"2020-08-24","2020-08-24",NULL,NULL,488,0
1465,100,1,"2020-08-27",NULL,NULL,NULL,489,0
1467,100,1,"2020-08-27",NULL,NULL,NULL,490,0
1470,100,1,"2020-09-01",NULL,NULL,NULL,491,0
1474,100,1,"2020-09-02",NULL,NULL,NULL,492,0
1476,100,1,"2020-09-03",NULL,NULL,NULL,493,0
1477,100,1,"2020-09-03",NULL,NULL,NULL,494,0
1481,100,1,"2020-09-07",NULL,NULL,NULL,495,0
1484,100,1,"2020-09-07",NULL,NULL,NULL,496,0
1486,100,1,"2020-09-08",NULL,NULL,NULL,497,0
